1|a couple of ...|少数の…|11||0|0|0
2|a few (...)|少数の…|4|201|0|0|0
3|a good many ...|非常に多くの…|192||0|0|0
4|a good/great deal of ...|たくさんの|283||0|0|0
5|a great many ...|非常に多くの…|272||0|0|0
6|a handful of ...|一握りの…|71||0|0|0
7|a little|少し|26||0|0|0
8|a (little) bit|少し|114||0|0|0
9|a little too ...|少し…過ぎる|130||0|0|0
10|a lot of ...|たくさんの…|151||0|0|0
11|a minute|少しの間|288||0|0|0
12|a moment|少しの間|40||0|0|0
13|a multitude of ...|多数の…|370||0|0|0
14|a number of ...|いくつかの…|162||0|0|0
15|a pile/piles of ...|山のような…|304||0|0|0
16|a point of view|観点，見方|150||0|0|0
17|a second|少しの間|105||0|0|0
18|a series of ...|一連の…|27||0|0|0
19|a succession of ...|一連の…|259||0|0|0
20|a variety of ...|さまざまな…|229||0|0|0
21|a ... of mine|私の…|38||0|0|0
22|a 時間［数量］の名詞 (= per ...)|１…当たり|1||0|0|0
23|a 形容詞 amount of ...|＜形容詞＞な量の…|178||0|0|0
24|a 形容詞 number of ...|＜形容詞＞な数の…|220|409|0|0|0
25|above all|とりわけ|397||0|0|0
26|according to ...|…によれば|27|226|0|0|0
27|account for ...|…を説明する|368|416|0|0|0
28|accuse A of B|AがBであるとして非難する|225||0|0|0
29|adapt (oneself) to ...|…に適応する|228||0|0|0
30|add A to B|AをBに付け加える|216||0|0|0
31|advise ... to Vb|…にVするよう勧める|310||0|0|0
32|after a while|しばらくして|107||0|0|0
33|after all|結局|53|351|0|0|0
34|against a/the background of ...|…を背景にして|68||0|0|0
35|agree to ...|…を承諾する|52||0|0|0
36|agree to Vb|Vすることに同意する|196||0|0|0
37|agree with ...|…に賛成である|356||0|0|0
38|ahead of ...|…の前方に|370||0|0|0
39|aim to Vb|Vすることを目指す|95||0|0|0
40|all at once|突然|331||0|0|0
41|all but 名詞|…を除いて全て|188||0|0|0
42|all but 形容詞|ほとんど…|337||0|0|0
43|all day long|一日中|102||0|0|0
44|all of a sudden|突然|199||0|0|0
45|all over ...|…の至る所に|1||0|0|0
46|all right|OKである|327||0|0|0
47|All ... have to do is (to) Vb.|…はただＶしさえすればよい。|224||0|0|0
48|all the time|いつでも|322||0|0|0
49|all the 比較級 (for ...)|（…が理由で）なお一層…|407||0|0|0
50|all/only too ...|非常に…|256||0|0|0
51|allow ... to Vb|…がＶするのを許す|54||0|0|0
52|along with ...|…と共に|328||0|0|0
53|among other things|中でも（特に），とりわけ|120||0|0|0
54|amount to ...|（総計が）…に達する|386||0|0|0
55|an average of ...|平均…|1||0|0|0
56|and yet|しかし|248|350|0|0|0
57|A and B alike|AもBも同様に|385||0|0|0
58|A and B, respectively|AとB，それぞれ|342||0|0|0
59|... and I|私と…|90||0|0|0
60|... and so forth|…など|119||0|0|0
61|... and so on|…など|91||0|0|0
62|..., and the like|…など|410||0|0|0
63|anything but ...|決して…でない|365||0|0|0
64|apologize to A for B|Bが理由でAに謝罪する|171||0|0|0
65|appear to have Vp.p.|Ｖしたようだ|69||0|0|0
66|apply for ...|…を申し込む|340||0|0|0
67|apply to ...|…に当てはまる|205||0|0|0
68|approve of ...|…をよいと認める|418||0|0|0
69|arise from/out of ...|…から生じる|370||0|0|0
70|arrange for ... to Vb|…がVするように手配する|270||0|0|0
71|as a consequence (of ...)|（…の）結果|27||0|0|0
72|as a matter of fact|実際のところ|205||0|0|0
73|as a result (of ...)|（…の）結果|215||0|0|0
74|as a rule|一般に，ふつうは|375||0|0|0
75|as a token of ...|…のしるしとして|37||0|0|0
76|... as a whole|…全体|312||0|0|0
77|as follows|次のように|22||0|0|0
78|as for ...|…はというと|29||0|0|0
79|as good as ...|…も同然で|355||0|0|0
80|as if ～|まるで～かのように|331|393|0|0|0
81|as is often the case|これはよくあることだが|233||0|0|0
82|as it is|現状では|333||0|0|0
83|as it turned out|実際にはどうなったかと言うと|17||0|0|0
84|as it were|言わば|49||0|0|0
85|as long as ...|なんと…も（の長さで）|12||0|0|0
86|as many/much A as B|Bと同じ数/量のA|210||0|0|0
87|as much as ...|なんと…も（の量・額で）|340||0|0|0
88|as of ...|（特定の日付）から|18||0|0|0
89|as opposed to ...|…とは対照的に|262||0|0|0
90|as ... please|…の好きなように|271||0|0|0
91|as soon as possible|できるだけ早く|23||0|0|0
92|as though ～|まるで～かのように|331||0|0|0
93|as to ...|…に関して|199|275|0|0|0
94|as usual|いつものように|406||0|0|0
95|as well|同様に|25||0|0|0
96|as well as ...|…と同様に|389||0|0|0
97|as/so far as ～|…する範囲では|63|266|0|0|0
98|as/so far as ... is concerned|…に関する限り|266||0|0|0
99|as/so long as ～|～する限り|266||0|0|0
100|ascend the throne|王位に就く|129||0|0|0
101|aside from ...|…の他にも|307||0|0|0
102|ask ... if ～|…に～かどうかを尋ねる|373||0|0|0
103|assign A to B|AをBに割り当てる|50||0|0|0
104|at best|せいぜい|412||0|0|0
105|at first|最初は|34||0|0|0
106|at first sight|一目見て|319||0|0|0
107|at home|自国で|278||0|0|0
108|at last|ついに|42||0|0|0
109|at least|少なくとも|63||0|0|0
110|at length|詳しく，長々と|398||0|0|0
111|at one's disposal|自由に使える|178||0|0|0
112|at present|現在は|3||0|0|0
113|at the expense of ...|…を犠牲にして|95||0|0|0
114|at the latest|遅くとも|277||0|0|0
115|at the moment|現時点では|2||0|0|0
116|at (the) most|最大でも，せいぜい|264||0|0|0
117|at the sight of ...|…を見て|180||0|0|0
118|at the/that time|当時は|121||0|0|0
119|at times|時々|66||0|0|0
120|at (the) worst|最も悪く言えば|412||0|0|0
121|attend to ...|…に対処する|103||0|0|0
122|attribute A to B|AをBのせいだとする|31||0|0|0
123|avoid Ving|Vすることを避ける|128||0|0|0
124|back and forth|行ったり来たりして|166||0|0|0
125|badly off|貧しい|227||0|0|0
126|bar ... from Ving|…がＶすることを妨げる|216||0|0|0
127|be about to Vb|Ｖする寸前である|331||0|0|0
128|be absorbed in ...|…に没頭している|170||0|0|0
129|be acquainted with ...|…と知り合いである|243||0|0|0
130|be afraid of ...|…を恐れる|347||0|0|0
131|be against ...|…に反対である|75||0|0|0
132|be alleged to Vb|（証拠なしに）Ｖだとされている|122||0|0|0
133|be anxious to Vb|とてもＶしたがっている|115||0|0|0
134|be apt to Vb|Ｖする傾向がある|267||0|0|0
135|be ashamed of ...|…を恥じている|291||0|0|0
136|be at a loss|途方に暮れている|275||0|0|0
137|be aware of ...|…に気づいている|219||0|0|0
138|be based on ...|…を基礎［根拠］にしている|239||0|0|0
139|be believed to Vb|Ｖだと信じられている|262||0|0|0
140|be bound for ...|…に向かっている|245||0|0|0
141|be bound to Vb|必ずＶする|280||0|0|0
142|be busy Ving|Ｖするのに忙しい|185||0|0|0
143|be capable of ...|…が可能である|220||0|0|0
144|be careful not to Vb|Ｖしないように気をつける|97||0|0|0
145|be certain (that) ～ .|～を確信している|282||0|0|0
146|be certain to Vb|Ｖするのは確実だ|282||0|0|0
147|be concerned about ...|…について心配している|219||0|0|0
148|be concerned with ...|…とかかわりがある|76||0|0|0
149|be content with ...|…に満足している|341||0|0|0
150|be convenient for ...|…にとって都合がよい|21||0|0|0
151|be convinced of ...|…を確信している|215||0|0|0
152|be covered with ...|…に覆われている|180||0|0|0
153|be crazy about ...|…に夢中である|300||0|0|0
154|be deep in thought|物思いにふけっている|264||0|0|0
155|be designed to Vb|Ｖするよう意図されている|155||0|0|0
156|be determined to Vb|Ｖしようと固く決意している|414||0|0|0
157|be different from ...|…とは異なる|150||0|0|0
158|be due to Vb|Ｖする予定である|20||0|0|0
159|be eager to Vb|Ｖしたいと強く願う|116||0|0|0
160|be engaged in ...|…に従事している|222||0|0|0
161|be engaged to ...|…と婚約している|44||0|0|0
162|be envious of ...|…をうらやんでいる|84||0|0|0
163|be equivalent to ...|…に等しい|7||0|0|0
164|be expected to Vb|Ｖすることを期待［要求］される|92||0|0|0
165|be familiar with ...|…に馴染みがある|194||0|0|0
166|be famous for ...|…で有名である|211||0|0|0
167|be fed up (with ...)|（…に）うんざりしている|312||0|0|0
168|be filled with ...|…で満たされている|208|278|0|0|0
169|be fit for ...|…に適している|130||0|0|0
170|be fond of ...|…が好きである|363||0|0|0
171|be for ...|…に賛成である|75||0|0|0
172|be full of ...|…でいっぱいである|341||0|0|0
173|be going to Vb|Ｖすることになっている|60||0|0|0
174|be good at ...|…が上手だ|343||0|0|0
175|be good for ...|…にとって良い|400||0|0|0
176|be in favor of ...|…に賛成である|251||0|0|0
177|be in need of ...|…を必要としている|344||0|0|0
178|be in trouble|困っている|248||0|0|0
179|be inclined to Vb|Ｖする傾向がある|418||0|0|0
180|be independent of ...|…から独立している|104||0|0|0
181|be indifferent to ...|…に無関心である|278||0|0|0
182|be interested in ...|…に興味がある|74||0|0|0
183|be involved in ...|…に関わっている|131||0|0|0
184|be jealous of ...|…をうらやんでいる|351||0|0|0
185|be keen on ...|…にとても関心がある|413||0|0|0
186|be known as ...|…と呼ばれている，…として知られている|202||0|0|0
187|be late Ving|Ｖするのが遅い|166||0|0|0
188|be liable to Vb|Ｖしがちである|392||0|0|0
189|be likely to Vb|Ｖする可能性が高い|308||0|0|0
190|be made of ...|…でできている|387||0|0|0
191|be meant to Vb|Ｖすることを意図されている|358||0|0|0
192|be moved to tears|心を動かされて涙を流す|362||0|0|0
193|be new to ...|…に対して経験が浅い|245||0|0|0
194|be not much of a ...|たいした…ではない|66||0|0|0
195|be not sure 間接疑問文|～に確信がない|274||0|0|0
196|be obliged to Vb|Ｖすることを余儀なくされる|263||0|0|0
197|be on ～ terms with ...|…とは～な間柄である|195||0|0|0
198|be opposed to ...|…には反対である|75||0|0|0
199|be out of breath|息が切れている|114||0|0|0
200|be over|終わっている|355||0|0|0
201|be particular about ...|…に関して好みがうるさい|135||0|0|0
202|be preoccupied with ...|…のことしか頭にない|80||0|0|0
203|be prepared to Vb|Ｖする準備が出来ている|182||0|0|0
204|be proud of ...|…のことを自慢に思う|120||0|0|0
205|be ready to Vb|…する準備が出来ている|174||0|0|0
206|be related to ...|…と関係がある|342||0|0|0
207|be reluctant to Vb|Ｖすることをしぶる|248||0|0|0
208|be responsible for ...|…に対して責任がある|113||0|0|0
209|be said to Vb|Ｖだと言われている|123||0|0|0
210|be satisfied with ...|…に満足している|255||0|0|0
211|be senior to ...|…よりポストが上である|315||0|0|0
212|be sensitive to ...|…に敏感である|396||0|0|0
213|be short for ...|…の略である|226||0|0|0
214|be short of ...|…が不足している|126||0|0|0
215|be sick/tired of ...|…にうんざりしている|119||0|0|0
216|be slow to Vb|Ｖするのが遅い|260||0|0|0
217|be sold out|売り切れている|115||0|0|0
218|be something of a ...|ちょっとした…である|66||0|0|0
219|be sufficient to Vb|Ｖするに足る|264||0|0|0
220|be suited to ...|…に適している|50||0|0|0
221|be superior to ...|…より優れている|397||0|0|0
222|be supposed to Vb|Ｖすることになっている|90|91|0|0|0
223|be sure of ...|…を確信している|351||0|0|0
224|be sure to Vb|必ずＶする|265||0|0|0
225|be suspicious of ...|…を疑っている|34||0|0|0
226|be thought to Vb|Ｖだと考えられている|225||0|0|0
227|be to Vb|Ｖすることになっている，Ｖしなければならない|277|308|0|0|0
228|be true of ...|…に当てはまる|312||0|0|0
229|be true to ...|…に忠実である|181||0|0|0
230|be typical of ...|（ある特性が）…に典型的である|290||0|0|0
231|be unable to Vb|Ｖできない|183||0|0|0
232|be under an obligation to Vb|Ｖする義務がある|230||0|0|0
233|be unwilling to Vb|Ｖするのを嫌がる|276||0|0|0
234|be up to ...|…にゆだねられている|113||0|0|0
235|be weary of ...|…に嫌気がさしている|116||0|0|0
236|be willing to Vb|Ｖすることをいとわない|161||0|0|0
237|be worth Ving|Ｖする価値がある|360||0|0|0
238|be worthy of ...|…の価値がある|360||0|0|0
239|be/become accustomed to ...|…に慣れている/慣れる|140||0|0|0
240|be/get caught in ...|…に捕まっている/捕まる|233||0|0|0
241|be/get used to ...|…に慣れている/慣れる|140||0|0|0
242|Beats me.|さあね。　知らないよ。|413||0|0|0
243|because of ...|…が理由で|24||0|0|0
244|before long|間もなく，すぐに|127||0|0|0
245|begin to Vb|Ｖし始める|105||0|0|0
246|begin Ving|Ｖし始める|352||0|0|0
247|behave oneself|行儀良くする|277||0|0|0
248|believe in ...|…の正しさ［存在］を信じる|367||0|0|0
249|believe it or not|信じられないだろうけど|5||0|0|0
250|belong to ...|…に属している|240||0|0|0
251|between A and B|AとBの間に|201||0|0|0
252|between you and me|ここだけの話ですが|306||0|0|0
253|beyond belief|信じられない|368||0|0|0
254|blame A on B|AをBのせいだとする|388||0|0|0
255|blow up|爆発する|168||0|0|0
256|both A and B|AとBの両方|320|406|0|0|0
257|break down|故障する|343||0|0|0
258|break into ...|…に押し入る|64||0|0|0
259|break out|勃発する|399||0|0|0
260|break up|別れる|90||0|0|0
261|bring ... about|…を引き起こす|217||0|0|0
262|bring A home to B|AをBに理解［実感］させる|379||0|0|0
263|bring ... up|…を育てる|228||0|0|0
264|bump into ...|…にぶつかる|5||0|0|0
265|burst into tears/laughter|堰を切ったように泣く/笑う|331||0|0|0
266|burst out Ving|堰を切ったようにＶする|331||0|0|0
267|by a wide/narrow margin|大差/僅差で|181||0|0|0
268|by accident|偶然に|189||0|0|0
269|By all means.|是非どうぞ。　いいですとも。|327||0|0|0
270|by cash/check|現金で/小切手で|287||0|0|0
271|by chance|偶然に|70||0|0|0
272|by now|今頃はもうすでに|93|299|0|0|0
273|by oneself|一人で，自分だけで|61|164|0|0|0
274|by sea/air/land|海路/空路/陸路で|164||0|0|0
275|by the time ～|～するまでには|12||0|0|0
276|by the way|ところで|6||0|0|0
277|by train/bus/car, etc.|電車/バス/車，etc. で|415||0|0|0
278|call ... back|…に折り返し電話をかける|298||0|0|0
279|call ... off|…を中止する|24||0|0|0
280|call for ...|…を要求する|220|275|0|0|0
281|call it a day|（仕事などを）切り上げる|381||0|0|0
282|call on ... to Vb|…にＶするように求める|56||0|0|0
283|call the shots|指揮を執る|349||0|0|0
284|A called B|Bと呼ばれるA，Bという名前のA|393||0|0|0
285|Can I Vb?|Ｖしてもかまいませんか？|25||0|0|0
286|can tell (that) ～|～であることがわかる|189||0|0|0
287|can't bring oneself to Vb|Ｖする気になれない|26||0|0|0
288|can't help but Vb|どうしてもＶしてしまう，Ｖせざるを得ない|371||0|0|0
289|can't help Ving|どうしてもＶしてしまう，Ｖせざるを得ない|130||0|0|0
290|can't possibly Vb|どうしてもＶできない|132||0|0|0
291|can't Vb enough|いくらＶしても十分ではない|207||0|0|0
292|can't Vb too ...|いくら…にＶしてもし過ぎにはならない|268||0|0|0
293|can't Vb without Ving.|Ｖbする時はいつもＶする|362||0|0|0
294|can(not) afford to Vb|Ｖする余裕がない|192||0|0|0
295|care for ...|…の面倒を見る|162||0|0|0
296|carry ... out|…を実行する|53||0|0|0
297|carry on (with ...)|（…を）続ける|140||0|0|0
298|catch ... Ving|…がＶしているところを見つける|87||0|0|0
299|catch up with ...|…に追いつく|26||0|0|0
300|cease to Vb|Ｖするのをやめる|3||0|0|0
301|Certainly.|もちろん。　かしこまりました。|25|284|0|0|0
302|Chances are (that) ～.|おそらく～でしょう。|93||0|0|0
303|change trains|電車を乗り換える|245||0|0|0
304|charge A with B|AをBの罪で告訴する|318||0|0|0
305|clear one's throat|咳払いをする|330||0|0|0
306|cling to ...|…にしがみつく|290||0|0|0
307|coincide with ...|…と一致する|99||0|0|0
308|come across ...|…に偶然出くわす|257||0|0|0
309|come apart|ばらばらになる|168||0|0|0
310|come by ...|…を手に入れる|117||0|0|0
311|come close/near to Ving|もう少しでＶしそうになる|165||0|0|0
312|come into being/existence|生まれる|215||0|0|0
313|come off|（ボタンなどが）取れる|4||0|0|0
314|come to light|明らかになる|383||0|0|0
315|come to terms with ...|…と折り合いがつく|9||0|0|0
316|come to Vb|Ｖするようになる|405||0|0|0
317|come to/reach a conclusion|結論に達する|217||0|0|0
318|come true|実現する|160||0|0|0
319|come up with ...|…を考え出す|139||0|0|0
320|compare A to B|AをBにたとえる|319||0|0|0
321|compared with/to ...|…と比較すると|174||0|0|0
322|compel ... to Vb|…にＶすることを強いる|131||0|0|0
323|compensate for ...|…を埋め合わせる|404||0|0|0
324|concentrate on ...|…に集中する|286||0|0|0
325|confine A to B|AをB（だけ）に限定する|110||0|0|0
326|confuse A with B|AをBと混同する|351||0|0|0
327|consent to ...|…を承諾する|418||0|0|0
328|considering ...|…を考慮すると|177||0|0|0
329|consist of ...|…から成る|221||0|0|0
330|contend with ...|…と闘う|307||0|0|0
331|continue to Vb|Ｖし続ける|189||0|0|0
332|contrary to ...|…に反して|172||0|0|0
333|conventional wisdom|一般的な考え方|345||0|0|0
334|convince ... to Vb|…を説得してＶさせる|52||0|0|0
335|cope with ...|…にうまく対処する|57||0|0|0
336|correspond to ...|…に相当する|221||0|0|0
337|count on ...|…を当てにする|113||0|0|0
338|cry out|叫ぶ|165||0|0|0
339|cure A of B|AのBを治す|34||0|0|0
340|cut down (on) ...|…を切り詰める|128||0|0|0
341|date back to ...|…にさかのぼる|342||0|0|0
342|day after day|毎日|102||0|0|0
343|day in, day out|来る日も来る日も|119||0|0|0
344|day off|休みの日|61||0|0|0
345|deal with ...|…に対処［対応］する|124||0|0|0
346|decide to Vb|Ｖすることに決める|208||0|0|0
347|decline to Vb|Ｖすることを断る|373||0|0|0
348|define A as B|AをBと定義する|234||0|0|0
349|deny Ving|Ｖしていない［Ｖしなかった］と主張する|131||0|0|0
350|depend on ...|…に依存する|214||0|0|0
351|deprive A of B|AからBを奪う|382||0|0|0
352|derive A from B|BからAを引き出す|68||0|0|0
353|describe A as B|AをBだと述べる|205||0|0|0
354|devote A to B|AをBに向ける［捧げる］|191||0|0|0
355|differ/vary from ... to ...|…によって異なる|253||0|0|0
356|discriminate against ...|…を差別する|353||0|0|0
357|distinguish A from B|AをBと区別する|337||0|0|0
358|distract A from B|AをBからそらす|167||0|0|0
359|do ... a favor|…にその頼み事を叶える|285||0|0|0
360|do ... harm/good/damage|…に害/利益/損害をもたらす|323||0|0|0
361|do away with ...|…を廃止［廃絶］する|305||0|0|0
362|do badly/well|うまくいかない/うまくいく|17||0|0|0
363|do nothing but Vb|Ｖすることだけしかしない|366||0|0|0
364|do the dishes/flowers, etc.|皿を洗う/花をアレンジする, etc.|359||0|0|0
365|do without ...|…なしで済ます|261||0|0|0
366|Do you have the time?|今，何時ですか？|299||0|0|0
367|Do you mind if ～ ?|～してもかまいませんか？|330||0|0|0
368|Don't mention it.|どういたしまして。|338||0|0|0
369|Don't worry.|心配しないで。|140||0|0|0
370|donate A to B|AをBに寄付［寄贈］する|208||0|0|0
371|dose off|うとうとと眠りに落ちる|107||0|0|0
372|dozens of ...|数十の…|144||0|0|0
373|drag on|ずるずると長引く|385||0|0|0
374|draw ... up|…を作成する|15||0|0|0
375|drive ... crazy|…の頭をおかしくさせる|49||0|0|0
376|drop by (...)|（…に）立ち寄る|299||0|0|0
377|due to ...|…が原因［理由］で|20||0|0|0
378|dwell on ...|…についてじっくり考える［話す，書く］|398||0|0|0
379|earn a/one's living|生活費を稼ぐ|6||0|0|0
380|eat between meals|間食をする|128||0|0|0
381|either A or B|AかBのどちらか一方|189|261|0|0|0
382|enable ... to Vb|…がＶするのを可能にする|51||0|0|0
383|encourage ... to Vb|…にＶするように励ます|55||0|0|0
384|end up Ving|最終的にＶすることになる|395||0|0|0
385|endow A with B|AにBを授ける|325||0|0|0
386|enjoy oneself|楽しく時を過ごす|8||0|0|0
387|enough to Vb|Vするのに十分|111||0|0|0
388|entitle A to B|AにBの資格［権利］を与える|19||0|0|0
389|even if ～|たとえ～だとしても|62|264|0|0|0
390|even though ～|～だけれども|276||0|0|0
391|every other day|一日おきに|58||0|0|0
392|every time ～|～する時はいつでも|248||0|0|0
393|exclude A from B|AをBから除外する|312||0|0|0
394|extract A from B|AをBから引き抜く［抽出する］|358||0|0|0
395|face up to ...|…をしっかりと受け止めて対処する|339||0|0|0
396|fail to Vb|Ｖしない，Ｖできない|363||0|0|0
397|fall asleep|眠る|250||0|0|0
398|fall in love with ...|…に恋をする|368||0|0|0
399|fall off (...)|（…から）落ちる|67||0|0|0
400|far from ...|…どころか，決して…ではなく|187||0|0|0
401|feel free to Vb|気軽にＶする|374||0|0|0
402|feel like Ving|Ｖしたい気分である|174||0|0|0
403|feel pity for ...|…に哀れみ［同情］を感じる|237||0|0|0
404|figure ... out|…がわかる|200||0|0|0
405|fill ... in|…に必要事項を記入する|224||0|0|0
406|find fault with ...|…のあら探しをする|366||0|0|0
407|find it ... to Vb|Ｖすることが…だとわかる［思う］|385||0|0|0
408|find out that ～|～だとわかる［知る］|70||0|0|0
409|for a change|いつもと違って|135||0|0|0
410|for a while|しばらくの間|180||0|0|0
411|for ages|長い間|10||0|0|0
412|for all ...|…にもかかわらず|255||0|0|0
413|for fear that ～|～ということを恐れて|306||0|0|0
414|for free|無料で|37||0|0|0
415|for instance|例えば|391||0|0|0
416|for nothing|無料で|112||0|0|0
417|for one thing|一つには|255||0|0|0
418|for that matter|さらに言えば|247||0|0|0
419|for the first time in ...|…ぶりに|13||0|0|0
420|for the most part|大部分は|203||0|0|0
421|for the past/last ...|過去…の間|179||0|0|0
422|for the sake of ...|…のために|218||0|0|0
423|for the time being|当面の間|261||0|0|0
424|～ , for ….|～である。というのは…だからだ。|84||0|0|0
425|force ... to Vb|…に強制的にＶさせる|355|377|0|0|0
426|forget to Vb|Ｖし忘れる|93||0|0|0
427|forget Ving|Ｖしたことを忘れる|134||0|0|0
428|free of ...|…がなく|54||0|0|0
429|from ... on|…からずっと|269||0|0|0
430|from A to B|AからBまで|125||0|0|0
431|from a distance|離れた場所から|175||0|0|0
432|from all sides|あらゆる方面から|151||0|0|0
433|from time to time|時々|375||0|0|0
434|... from now|今から…後に|202||0|0|0
435|furnish A with B|AにBを備え付ける|58||0|0|0
436|generally speaking|一般的に言うと|36||0|0|0
437|get ... done|…をやり終える|289|408|0|0|0
438|get ... to Vb|…にＶさせる|52|65|0|0|0
439|get ... Vp.p.|…がＶされるようにする|65||0|0|0
440|get along with ...|…とうまくやっていく|117||0|0|0
441|get back|元の場所へ戻る|166||0|0|0
442|get home|帰宅する|250||0|0|0
443|get into ...|…の中に入る|163||0|0|0
444|get lost|道に迷う|268||0|0|0
445|get off (...)|（…から）降りる|14||0|0|0
446|get on (...)|（…に）乗り込む|245||0|0|0
447|get on ...'s nerves|…の神経にふれる|49||0|0|0
448|get out of ...|…の外に出る|373||0|0|0
449|get over ...|…を乗り越える|332||0|0|0
450|get rid of ...|…を取り除く|77||0|0|0
451|get there/here|そこに/ここに着く|115|415|0|0|0
452|get to sleep|眠る|256||0|0|0
453|get to Vb|Ｖするようになる|405||0|0|0
454|give ... a ride|…を車に乗せる|288||0|0|0
455|give ... off|…を発する|387||0|0|0
456|give ... up|…をやめる［断念する］|127||0|0|0
457|give birth to ...|…を生む|36||0|0|0
458|give in (to ...)|（…に）屈する|98||0|0|0
459|give rise to ...|…生む|308||0|0|0
460|go Vb|Ｖしに行く|286||0|0|0
461|go bankrupt|倒産する|27||0|0|0
462|go by|過ぎ去る|159||0|0|0
463|go for a swim/drive, etc.|泳ぎ/ドライブ，etc.に行く|24||0|0|0
464|go mad [crazy]|頭がおかしくなる|331||0|0|0
465|go on a trip (to ...)|旅行（で…）に行く|204||0|0|0
466|go out|外出する|61|372|0|0|0
467|go over ...|…を調べる|94||0|0|0
468|go Ving|Ｖしに行く|103||0|0|0
469|go well with ...|（色・雰囲気などが）…に合う|25||0|0|0
470|go without (...)|（…）なしに済ます|183||0|0|0
471|go wrong|うまく行かない|271||0|0|0
472|go/be on strike|ストに入る/入っている|251||0|0|0
473|grab ... by the 体の部分|…の＜体の部分＞をつかむ|249||0|0|0
474|graduate from ...|…を卒業する|243||0|0|0
475|grasp ... by the 体の部分|…の＜体の部分＞をつかむ|62||0|0|0
476|grow up|大人になる|380||0|0|0
477|Guess what!|あのね。　実はね。|3||0|0|0
478|had better not Vb|Ｖしない方が良い|260||0|0|0
479|half a ...|…の半分|45||0|0|0
480|hand ... down|…を受け渡す［伝える］|125||0|0|0
481|hand ... in|…を提出する|94||0|0|0
482|hang out|しょっちゅう訪れる|159||0|0|0
483|happen to ...|…に起こる|166||0|0|0
484|happen to Vb|たまたまＶする|319||0|0|0
485|Hardly had S Vp.p. when <S> <V>.|SがVするや否や<S>が<V>する。|372||0|0|0
486|hardly/scarcely any ...|ほとんど…がない|358||0|0|0
487|hardly/scarcely ever ...|めったに…しない|359||0|0|0
488|... has it that ～|…によれば～ということである。|345||0|0|0
489|have ... in common|…を共通してもっている|387||0|0|0
490|have nothing to do with ...|…と何ら関係がない|314||0|0|0
491|have ... Vb|…にＶしてもらう|60||0|0|0
492|have ... Vp.p.|…がＶされるようにしてもらう|63|81|0|0|0
493|have a dream/nightmare|夢/悪夢を見る|146||0|0|0
494|have a good time|楽しい時を過ごす|395||0|0|0
495|have a hard time Ving|Ｖするのに苦労する|161||0|0|0
496|have an effect on ...|…に影響を及ぼす|262||0|0|0
497|have an eye for ...|…を見る目がある|360||0|0|0
498|have been to ...|…へ行った［来た］ことがある|8||0|0|0
499|have been Vp.p.|Ｖされたばかりだ［Ｖされたことがある］|89||0|0|0
500|have difficulty Ving|Ｖするのに苦労する|228||0|0|0
501|have faith in ...|…を信頼［信用］している|310||0|0|0
502|have got ...|…を持っている|237||0|0|0
503|have got to Vb|Ｖしなければならない|261|300|0|0|0
504|have it (from ...) that ～|（…から）～だと聞いている|344||0|0|0
505|have no choice but to Vb|Ｖする以外に選択肢がない|62||0|0|0
506|have no idea ～|～が全くわからない|202||0|0|0
507|have to Vb|Ｖしなければならない|23|316|0|0|0
508|have trouble Ving|Ｖするのに苦労する|227||0|0|0
509|have yet to Vb|まだこれからＶせねばならない|42||0|0|0
510|head for ...|…に向かう|164||0|0|0
511|hear from ...|…から便り［連絡］をもらう|6||0|0|0
512|help (to) Vb|Ｖするのを助ける|143||0|0|0
513|help ... (to) Vb|…がＶするのを助ける|57||0|0|0
514|help A with B|AのBを助ける|329||0|0|0
515|Here is/are ...|ここに…がある。　これは…です。|156||0|0|0
516|Here ... comes. / Here comes ...|（ほら）…が来た。|10||0|0|0
517|hesitate to Vb|Ｖすることをためらう|248||0|0|0
518|hit on ...|…を（急に）思いつく|148||0|0|0
519|hold ... back|…を押しとどめる|377||0|0|0
520|hold ... in contempt|…を軽蔑する|66||0|0|0
521|hold ... in high esteem|…をとても尊敬する|371||0|0|0
522|hold A responsible (for B)|（Bに対して）Aに責任を取らせる|306||0|0|0
523|hold a grudge (against ...)|（…に対して）恨み［憎しみ］を抱く|123||0|0|0
524|hold on|そのままで待つ|288||0|0|0
525|A hours/days after B|BのA時間/日後に|86||0|0|0
526|A hours/days before B|BのA時間/日前に|85||0|0|0
527|hope for ...|…を願う|19||0|0|0
528|How ... (S V) !|なんて…なんだろう。|37|183|0|0|0
529|How A of B.!|BはなんてAなんだろう。|279||0|0|0
530|How about ...?|…についてはどうですか？|75||0|0|0
531|How come ～ ?|どうして～なのですか？|413||0|0|0
532|How do you like ...?|…は気に入っていますか？|118||0|0|0
533|how to Vb|Ｖする方法|269||0|0|0
534|hundreds of ...|数百の…|399||0|0|0
535|hurry up|急ぐ|33||0|0|0
536|I beg your pardon?|もう一度言っていただけますか？|381||0|0|0
537|I bet/I'll bet ～ .|きっと［絶対に］～だよ。|301||0|0|0
538|I can see no reason why ～ .|何故～なのか私にはわからない。|251||0|0|0
539|I could use ...|…がとても欲しい。|46||0|0|0
540|I couldn't agree more.|全く同感です。|295||0|0|0
541|I couldn't care less.|そんなことはどうでもいい。|296||0|0|0
542|I guess ～ .|たぶん～だと思う。|132||0|0|0
543|I hear (that) ～.|～だと聞いています。|88||0|0|0
544|I suppose ～ .|たぶん～だと思う。|301||0|0|0
545|I tell you, ～ .|いいか，～なんだからな。|310||0|0|0
546|I understand ～ .|～だと聞いています。|228||0|0|0
547|I wonder ～ .|～かなぁ。|279||0|0|0
548|I wonder if you could Vb.|Ｖしていただけるでしょうか。|329||0|0|0
549|I would be grateful if you would/could Vb.|Ｖしていただけるとありがたいのですが。|328||0|0|0
550|I would say ～ .|～だと思います。|295||0|0|0
551|I'll be there.|そちらに行きます。|45||0|0|0
552|I'm afraid ～.|残念ながら～です。|42||0|0|0
553|I'm sorry to Vb|Ｖしてすみません。|45|110|0|0|0
554|I'm sure (that) ～ .|～を確信している。|405||0|0|0
555|I've been told that ～ .|～だと聞いています。|232||0|0|0
556|if anything|むしろ，どちらか言うと|176||0|0|0
557|If I were you, I would Vb|私（があなたの立場）ならＶしますが。|314||0|0|0
558|if it hadn't been for ...|仮に…が（い）なかったとしたら|317||0|0|0
559|if it weren't for ...|仮に…が（い）ないとすれば|315||0|0|0
560|if necessary|もし必要なら|394||0|0|0
561|if possible|もし可能なら|394||0|0|0
562|if ... is to Vb|…がＶするためには|65||0|0|0
563|if ... should Vb|仮に…がＶするとしたら|271||0|0|0
564|if ... were to Vb|仮に…がＶするとしたら|320||0|0|0
565|A if not B|BではないにせよAで|346||0|0|0
566|impose A on B|AをBに課す|158||0|0|0
567|in (the) light of ...|…から見て|50||0|0|0
568|in ... direction|…の方角［方向］に|105||0|0|0
569|in ... respect|…な点［面］において|397||0|0|0
570|in ...'s case|…の場合は|363||0|0|0
571|in ...'s presence|…のいる所［前］で|111||0|0|0
572|in a hurry|急いで|233||0|0|0
573|in a row|連続で|246||0|0|0
574|in a sense|ある意味で|303||0|0|0
575|in a while|しばらくしたら|356||0|0|0
576|in a word|手短に言えば，要するに|214||0|0|0
577|in addition to ...|…に付け加えて|141||0|0|0
578|in advance|前もって|270||0|0|0
579|in case ～|～した場合には|267||0|0|0
580|in charge (of ...)|（…の）担当［管理］をして|349||0|0|0
581|in chorus|声を揃えて|41||0|0|0
582|in conclusion|締めくくりとして，最後に|35||0|0|0
583|in/by contrast|対照的に|384||0|0|0
584|in detail|詳細に|346||0|0|0
585|in exchange for ...|…と交換に|138||0|0|0
586|in fact|実際には（むしろ）|407||0|0|0
587|in force|大挙して|373||0|0|0
588|in front of ...|…の前に|144|165|0|0|0
589|in general|一般的に|278||0|0|0
590|in one gulp|一飲みに|30||0|0|0
591|in one's teens/twenties, etc.|１０代/２０代，etc.で|294|411|0|0|0
592|in one's youth|若い頃|350||0|0|0
593|in order|秩序だった，正常に作動した|152||0|0|0
594|in order to Vb|Ｖするために|57|347|0|0|0
595|in other words|言い換えると|274||0|0|0
596|in part|部分的に|83||0|0|0
597|in particular|特に|28||0|0|0
598|in person|本人自ら|21||0|0|0
599|in proportion to ...|…に比例して|345||0|0|0
600|... in question|問題［話題］となっている…|110||0|0|0
601|in school|在学中に|244||0|0|0
602|in search of ...|…を捜して|109||0|0|0
603|in short|要するに|230||0|0|0
604|in spite of ...|…にもかかわらず|335||0|0|0
605|in spite of oneself|思わず|165||0|0|0
606|in terms of ...|…という観点では|397||0|0|0
607|in that ～|～という点において|262||0|0|0
608|in the beginning|初めのうちは|98||0|0|0
609|in the corner|角に|184|327|0|0|0
610|in the end|最終的には|98||0|0|0
611|in the event of ...|…の場合には|265||0|0|0
612|in the face of ...|…にもかかわらず|96||0|0|0
613|in the future|将来において|237||0|0|0
614|in the long [short] run|長い目で［短期的に］見れば|197||0|0|0
615|in the middle of ...|…の真っ最中で|286||0|0|0
616|in the past|過去に|396||0|0|0
617|in the way (of ...)|（…の）邪魔になって|33||0|0|0
618|in those days|当時は|80||0|0|0
619|in time (to Vb)|（Ｖするのに）間に合って|316||0|0|0
620|in turn|順番に|14|157|0|0|0
621|in vain|無駄に|53||0|0|0
622|in Ving|Ｖしている時に|311||0|0|0
623|in which case|その場合は|242||0|0|0
624|inform A of B|AにBを知らせる|407||0|0|0
625|insist on ...|…するように強く求める|138||0|0|0
626|instead of ...|…の代わりに|28|139|0|0|0
627|intend ... to Vb|…がＶするよう意図する|99||0|0|0
628|introduce A to B|AをBに紹介する|405||0|0|0
629|intrude on ...|…を侵害する|247||0|0|0
630|invest (A) in B|（Aを）Bに投資する|336||0|0|0
631|is/am/are being ...|今だけ（一時的・意図的に）…している|242||0|0|0
632|A is to B what X is to Y.|AとBの関係はXとYの関係と同じだ。|382||0|0|0
633|... is because ～ .|…は～だからである。|203||0|0|0
634|... is to blame (for ～).|…は（～に対して）責任［罪］がある。|201||0|0|0
635|... is Ving when S V.|…がＶしているとＳがＶする。|72||0|0|0
636|It appears that ～ .|～のようである。|383||0|0|0
637|It can't be helped.|それは仕方のないことだ。|297||0|0|0
638|It doesn't matter 間接疑問文.|～はどうでもよいことだ。|277||0|0|0
639|It goes without saying that ～ .|～は言うまでもないことだ。|389||0|0|0
640|It has been ... since ～ .|～して以来…が経過している。|333||0|0|0
641|It is ... (that) ～ .|～なのは…である。|300||0|0|0
642|It is 形容詞 for ... to Vb|…がＶするのは＜形容詞＞だ。|337||0|0|0
643|It is 形容詞 of ... to Vb.|Ｖするとは…は＜形容詞＞だ。|338||0|0|0
644|It is high time ～ .|もういい加減に～すべき時である。|335||0|0|0
645|It is one thing to V1 and another to V2.|Ｖ1することとＶ2することとは別である。|379||0|0|0
646|It is said that ～ .|～だと言われている。|342||0|0|0
647|It is time (that) ～ .|もう～すべき時である。|334||0|0|0
648|It is true (that) ～ , but …|確かに～ではあるが，しかし…。|130||0|0|0
649|It is worthwhile Ving.|Ｖするのは価値のあることだ。|340||0|0|0
650|It is no use Ving.|Ｖしても無駄である。|339||0|0|0
651|It isn't until/till ... that ～ .|…になってやっと～する。|350||0|0|0
652|It looks as if ～ .|～のようである。|355||0|0|0
653|It looks like ～ .|～のようである。|289||0|0|0
654|It may be that ～ .|～なのかもしれない。|402||0|0|0
655|It seems ... that ～ .|～なのは…であるようだ。|154||0|0|0
656|It seems as if ～ .|～のようである。|354||0|0|0
657|It seems that ～ .|～のようである。|305||0|0|0
658|It sounds as if ～.|～のようである。　～のように聞こえる。|61||0|0|0
659|It takes (A) B to Vb.|Ｖすることは（Aに）Bを必要とさせる。|110|415|0|0|0
660|It takes A for B to Vb.|BがＶすることはAを必要とさせる。|332||0|0|0
661|It was ... before ～ .|～するまでには…がかかった。|332||0|0|0
662|It was the least I could do.|たいしたことはしていません。|338||0|0|0
663|It will be ... before ～ .|～するまでには…がかかる（だろう）。|333||0|0|0
664|It's a matter of ...|それは…の問題だ。|40||0|0|0
665|It's a shame/pity (that) ～ .|～なのは残念だ。|272||0|0|0
666|It's A（分） to B（時間）.|現在の時刻はB時A分前だ。|299||0|0|0
667|judging from/by ...|…から判断すると|176||0|0|0
668|just around the corner|間近に迫った|185||0|0|0
669|(just) in case|万一の場合に備えて|268||0|0|0
670|just/only/simply because ～|単に～だという理由で|357||0|0|0
671|keep away from ...|…に近づかない|310||0|0|0
672|keep in touch with ...|…と交流を保つ|112||0|0|0
673|keep one's fingers crossed|幸運を祈る|44||0|0|0
674|keep up with ...|…に遅れずついていく|114||0|0|0
675|keep Ving|Ｖし続ける|186|309|0|0|0
676|keep/bear ... in mind|…を心に留めておく|380||0|0|0
677|kind of ...|種類［たぐい］の…|225||0|0|0
678|know better than to Vb|Ｖするほど愚かではない|351||0|0|0
679|||||0|0|0
680|lay ... off|…を（一時）解雇する|321||0|0|0
681|learn ... by heart|…を暗記する|35||0|0|0
682|learn to Vb|Ｖできるようになる|335||0|0|0
683|leave ... alone|…をそっとしておく|286||0|0|0
684|leave ... behind|…を置き去りにする|164||0|0|0
685|leave A to B|AをBにゆだねる|260||0|0|0
686|leave a lot/nothing to be desired|かなり不満が残る/全く不満が残らない|118||0|0|0
687|less than ...|…未満|20, 419 ||0|0|0
688|let A know B|AにBを知らせる|23||0|0|0
689|let ... Vb|…にVさせてやる|61||0|0|0
690|let alone ...|…は言うに及ばず|192||0|0|0
691|let go (of ...)|（…から）手を離す|290||0|0|0
692|Let me Vb.|今Ｖします。　Ｖさせてください。|21||0|0|0
693|Let's see.|えーっと。　確か…。|327||0|0|0
694|lie down|（休む・寝るために）横になる|250||0|0|0
695|lie in ...|…にある|295||0|0|0
696|...'s line is busy now.|…は今電話で話し中です。|298||0|0|0
697|little by little|少しずつ|116||0|0|0
698|live to be ... (years old)|…歳まで生きる|108||0|0|0
699|load A with B|AにBを載せる［積む］|169||0|0|0
700|long ago|ずっと昔に|305||0|0|0
701|long to Vb|Ｖしたいと切望する|37||0|0|0
702|look ... in the eye|…の目を見つめる|263||0|0|0
703|look ... over|…にざっと目を通す|198||0|0|0
704|look ... up|…を調べる［見つけ出す］|38||0|0|0
705|look ... way(s)|…の方向を見る|249||0|0|0
706|look after ...|…の面倒を見る|102||0|0|0
707|look back (on ...)|（＜過去の出来事＞を）振り返る|159||0|0|0
708|look for ...|…を探す|257||0|0|0
709|look forward to ...|…を楽しみにして待つ|237||0|0|0
710|look into ...|…を調べる|147||0|0|0
711|look like ...|…のような表情をしている，…に似ている|8|238|0|0|0
712|look on A as B|AをBと見なす|80||0|0|0
713|Look out!|気をつけろ！|165||0|0|0
714|look to A for B|AにBを当てにする［頼る］|260||0|0|0
715|lose one's temper|かっとなる|326||0|0|0
716|lose weight|体重を減らす|128||0|0|0
717|lots of ...|たくさんの…|1||0|0|0
718|love to Vb|Ｖするのが大好きだ|206||0|0|0
719|loved one|愛する家族（の一人）|182||0|0|0
720|major in ...|…を専攻する|74||0|0|0
721|make (both) ends meet|家計の帳尻を合わせる|385||0|0|0
722|make ... out|…を判読する［理解する］|121|291|0|0|0
723|make ... up|（話を）でっちあげる，（ある割合を）占める|383|416|0|0|0
724|make a blunder|へまをする|167||0|0|0
725|make a promise|約束をする|282||0|0|0
726|make a speech|スピーチをする|232||0|0|0
727|make an effort (to Vb)|（Ｖする）努力をする|189||0|0|0
728|make believe (that) ～|～のふりをする|59||0|0|0
729|make do with ...|…で間に合わせる|261||0|0|0
730|make for ...|…に向かって進む|289||0|0|0
731|make fun of ...|…を笑いものにする|229||0|0|0
732|make it|目的地に到達する，目的を達する|316||0|0|0
733|make one's debut|デビューする|411||0|0|0
734|make one's way|進む|186||0|0|0
735|make oneself heard|自分の声を相手に伝える|285||0|0|0
736|make oneself understood|自分の意志を相手に伝える|47||0|0|0
737|make progress|進歩する|179||0|0|0
738|make sense|意味をなす|329||0|0|0
739|make sure (that) ～|必ず～となるようにする|392||0|0|0
740|make the best of ...|…を前向きに捉える|339||0|0|0
741|make up for ...|…の埋め合わせをする|45||0|0|0
742|make up one's mind (to Vb)|（Ｖする）決心をする|260||0|0|0
743|make use of ...|…を使う|314||0|0|0
744|Make yourself at home.|遠慮せずにくつろいでください。|48||0|0|0
745|manage to Vb|何とかＶする|96||0|0|0
746|many more ...|ずっと多くの…|65||0|0|0
747|master of ceremonies|司会（進行役）|226||0|0|0
748|may well Vb|おそらくＶだろう|5||0|0|0
749|May/Can I speak to ...?|（電話で）…さんをお願いしたいのですが？|298||0|0|0
750|mean to Vb|Ｖするつもりである|254||0|0|0
751|might as well Vb|Vした方がいいかもしれない|8||0|0|0
752|might have Vp.p.|Ｖしたかもしれない|166||0|0|0
753|millions of ...|数百万の…|219||0|0|0
754|Mind your own business.|余計なお世話だ。|314||0|0|0
755|mistake A for B|AをBと間違える。|30||0|0|0
756|more ～ than ... can Vb|…がＶできないほど多くの～|272||0|0|0
757|more or less|大なり小なり|217||0|0|0
758|more than one ...|複数の…|371||0|0|0
759|much/still less ...|…はなおさらである|410||0|0|0
760|need to Vb|Ｖする必要がある|65||0|0|0
761|need Ving|Ｖする必要がある|136||0|0|0
762|needless to say|言うまでもなく|84||0|0|0
763|neither A nor B|AでもBでもない|356||0|0|0
764|Neither 助動詞 ...|…もまたそうでない。|362||0|0|0
765|Never mind.|気にするなよ。|297||0|0|0
766|next to ...|…の隣に|112|327|0|0|0
767|no doubt|疑いなく|244||0|0|0
768|No kidding!|冗談でしょう。　まさか。|294||0|0|0
769|no less than ...|…も|122||0|0|0
770|no longer|もはや…ない|402||0|0|0
771|not make much difference|たいした違いはない|261||0|0|0
772|no matter ～|～に関係なく|279|329|0|0|0
773|no more than ...|…しか|415||0|0|0
774|no more A than B|Bと同様Aでない|411||0|0|0
775|No sooner had S Vp.p. than <S> <V>.|SがVするや否や<S>は<V>する。|373||0|0|0
776|No way!|絶対にダメだ。|381||0|0|0
777|No wonder (that) ～ .|～には何の驚きもない。|343||0|0|0
778|none of ...|…のどれもない|89||0|0|0
779|none of ... 's business|…の知ったことではない。|296||0|0|0
780|none the 比較級 (for ...)|（…だからといって）それだけ～とはならない|407||0|0|0
781|not ... any longer|もはや…ない|127||0|0|0
782|not ... at all|全く…ない|47||0|0|0
783|not A but B|AではなくB|36||0|0|0
784|not ... by any means|全く…ない|293||0|0|0
785|not ... in the least|少しも…ない|219||0|0|0
786|not ..., either.|～もまた…でない|225||0|0|0
787|not A or B|AでもBでもない|238||0|0|0
788|not always ...|いつでも…とは限らない|361||0|0|0
789|not bother to Vb|わざわざＶするという面倒なことはしない|315||0|0|0
790|not completely ...|完全に…というわけではない|255||0|0|0
791|not necessarily ...|必ずしも…ではない|357||0|0|0
792|not only A but (also) B|AだけでなくBもまた|205||0|0|0
793|not quite ...|完全に…というわけではない|384||0|0|0
794|not so much A as B|AというよりもむしろB|413||0|0|0
795|not to mention ...|…は言うまでもなく|121||0|0|0
796|not to say ...|…とは言わないまでも|322||0|0|0
797|not too ...|あまり…でない|135||0|0|0
798|A, not B|BではなくAで|230|365|0|0|0
799|notice ... Ving|…がＶしているのに気づく|170||0|0|0
800|notify A of B|AにBを告知［通知］する|296||0|0|0
801|now and then|時々|325||0|0|0
802|now that ～|今では～なので，～である今は|247||0|0|0
803|object to ...|…に反対の意思を表す|133||0|0|0
804|... of today|今日の…|278||0|0|0
805|... of one's own|～自身の…|259||0|0|0
806|of + 抽象名詞|…である，…のある|125||0|0|0
807|on ～ terms with ...|…とは～な間柄で|51||0|0|0
808|on account of ...|…が理由［原因］で|354||0|0|0
809|on and off|断続的に|11||0|0|0
810|on board|搭乗して|168||0|0|0
811|on campus|キャンパスで|195||0|0|0
812|on duty|勤務中で|391||0|0|0
813|on earth|いったい|10||0|0|0
814|on fire|火事になって|33||0|0|0
815|on foot|徒歩で|164||0|0|0
816|on impulse|衝動的に|55||0|0|0
817|on purpose|故意に|358||0|0|0
818|on sale|販売中で|55||0|0|0
819|on second thought(s)|考え直して|287||0|0|0
820|on the (tele)phone|電話で|285||0|0|0
821|on the ... side|少し…気味で|176||0|0|0
822|on the condition that ～|～という条件で|54||0|0|0
823|on the contrary|その正反対で|310||0|0|0
824|on the grounds that ～|～という理由で|216||0|0|0
825|on the increase|増加中で|187||0|0|0
826|on the one hand|一方で|26||0|0|0
827|on the other hand|他方で|26||0|0|0
828|on the way|途中で|268||0|0|0
829|on the whole|全体的に|283||0|0|0
830|on time|時間通りに|115||0|0|0
831|... on which to Vb|その上にＶする（ための）…|104||0|0|0
832|on/in behalf of ...|…を代表して|232||0|0|0
833|once and for all|これを最後に|334||0|0|0
834|once in a while|時折|195||0|0|0
835|once upon a time|昔々|369||0|0|0
836|one ... , the other|（２つのうちの）一方，（残りの）片方|337||0|0|0
837|one ... after another|…が次から次へと|146||0|0|0
838|one of ...|…の一つ|367||0|0|0
839|one of these days|近いうちに|5||0|0|0
840|only to Vb|ただＶしただけだ|109||0|0|0
841|order ... to Vb|…にＶするように命じる|198||0|0|0
842|... or so|…かそこら|302||0|0|0
843|... or something|…か何か|304||0|0|0
844|other than ...|…以外に|337||0|0|0
845|ought not to Vb|Ｖすべきではない|320||0|0|0
846|ought to Vb|Ｖすべきである|322||0|0|0
847|out loud|声に出して|352||0|0|0
848|out of ...|（原因・理由） から|39||0|0|0
849|out of order|故障して|301||0|0|0
850|out of place|その場にふさわしくない|184||0|0|0
851|out of sight|見えなくなって|309||0|0|0
852|out of the question|問題外で|303||0|0|0
853|owe A to B|AをBのおかげだと思う|207||0|0|0
854|owing to ...|…が理由［原因］で|344||0|0|0
855|pass A on (B)|Aを（Bに）受け渡す|238||0|0|0
856|pass a sentence on ...|…に判決を言い渡す|378||0|0|0
857|pass away|亡くなる|111||0|0|0
858|pass for/as ...|…として通用する|294||0|0|0
859|pass out|気絶する|180||0|0|0
860|pay (A) for B|Bに対して（Aを）支払う|230||0|0|0
861|pay ... back|…を返済する|126||0|0|0
862|pay attention to ...|…に注意を払う|184||0|0|0
863|pay heed to ...|…に注意を払う|16||0|0|0
864|permit ... to Vb|…がＶするのを許可する|61||0|0|0
865|persist in ...|あくまでも…を続ける|263||0|0|0
866|persuade ... into Ving|…にＶするように説得する|292||0|0|0
867|persuade ... to Vb|…にＶするように説得する|53||0|0|0
868|pick ... up|…を車に乗せる|144||0|0|0
869|place emphasis on ...|…を強調する|56||0|0|0
870|plan to Vb|Ｖすることを計画する|24||0|0|0
871|play a role/part in ...|…において役割を果たす|71||0|0|0
872|plenty of ...|たくさんの…|177||0|0|0
873|point ... out|…を指摘する|136||0|0|0
874|praise A for B|Bが理由でAを褒める|77||0|0|0
875|prefer A to B|BよりAを好む|276||0|0|0
876|present A with B|AにBを授与［贈呈］する|207||0|0|0
877|presume A (to be) B|AがBであろうと考える［推定する］|390||0|0|0
878|pretend to Vb|Ｖであるふりをする|290||0|0|0
879|prevail over ...|…に勝る|363||0|0|0
880|prevent A from B|AがBするのを防ぐ|33||0|0|0
881|prior to ...|…以前に|398||0|0|0
882|prohibit ... from Ving|…がＶするの禁止する|391||0|0|0
883|propose a toast to ...|…への乾杯の音頭をとる|173||0|0|0
884|provide A with B|AにBを与える|32||0|0|0
885|provide for ...|…を養う|227||0|0|0
886|provided/providing (that) ～|～という条件で|182||0|0|0
887|prove A (to be) B|AがBであることを証明する|390||0|0|0
888|punch/strike, etc. ... in the face|…の顔を殴る|315||0|0|0
889|put ... forward|…を提案する|251||0|0|0
890|put ... into practice|…を実行に移す|379||0|0|0
891|put ... off|…を延期する|381||0|0|0
892|put ... out|…を消す|33||0|0|0
893|put ... together|…を組み立てる|269||0|0|0
894|put an end to ...|…を終わらせる|320||0|0|0
895|put up with ...|…に耐える|127||0|0|0
896|quite a few ...|かなりの数の…|38||0|0|0
897|rarely/seldom, if ever, V|たとえするにせよめったにＶしない|359||0|0|0
898|rather than ...|…ではなく|35||0|0|0
899|reach for ...|…を取ろうと手を伸ばす|258||0|0|0
900|read ... out|…を音読する|173||0|0|0
901|Really?|本当に？|11||0|0|0
902|reconcile A with B|AをBと調和［一致］させる|311||0|0|0
903|refer to A as B|AをBと呼ぶ|175||0|0|0
904|refrain from ...|…を差し控える|354||0|0|0
905|refuse to Vb|Ｖすることを拒否する|414||0|0|0
906|regard A as B|AをBと見なす|376||0|0|0
907|regardless of ...|…に関係なく|92||0|0|0
908|regret having Vp.p.|Ｖしたことを後悔する|244||0|0|0
909|regret to Vb|Ｖしなければならないのが残念だ|376||0|0|0
910|rely on ...|…に頼る|322||0|0|0
911|remember to Vb|Ｖすることを覚えている|94||0|0|0
912|remember Ving|Ｖしたことを覚えている|133||0|0|0
913|remind A of B|AにBを思い出させる|159||0|0|0
914|remind ... to Vb|…にＶすることを思い出させる|267||0|0|0
915|replace A with B|AをBと交換する|301||0|0|0
916|require ... to Vb|…にＶすることを要求する|228||0|0|0
917|resolve to Vb|Ｖすると固く決心する|98||0|0|0
918|resort to ...|…に頼る［訴える］|347||0|0|0
919|respond to ...|…に応答［反応］する|139||0|0|0
920|restore A to B|AをBに戻す|302||0|0|0
921|result from ...|…の結果として生じる|212||0|0|0
922|result in ...|結果として…になる|157||0|0|0
923|return a verdict of guilty/not guilty|有罪/無罪の判決を下す|172||0|0|0
924|right away|ただちに|13||0|0|0
925|right now|ちょうど今|394||0|0|0
926|rise/jump to one's feet|ぱっと立ち上がる|241||0|0|0
927|rob A of B|AからBを強奪する|79||0|0|0
928|run away|逃げ去る|70||0|0|0
929|run into ...|…に出くわす|195||0|0|0
930|run out (of ...)|（…が）切れる［尽きる］|135||0|0|0
931|run ... over|（車などが）…をひく|165||0|0|0
932|... runs in ～'s family.|…は～の家族に代々伝わっている。|108||0|0|0
933|say hello (to ...)|（…に）挨拶をする|299||0|0|0
934|say to oneself|心の中でつぶやく|8||0|0|0
935|scores of ...|多数の…|321||0|0|0
936|scratch one's head|（当惑して）頭をかく|376||0|0|0
937|search A for B|Bを見つけ出そうとA（場所など）を捜す|59||0|0|0
938|second to none|何［誰］にも引けを取らない|204||0|0|0
939|see (to it) that ～|確実に～となるようにする|226||0|0|0
940|see if ～|～かどうか確かめる|198||0|0|0
941|see A as B|AをBと見なす|84||0|0|0
942|see ... off|…を見送る|309||0|0|0
943|seek to Vb|Ｖしようと努める［試みる］|231||0|0|0
944|seem to have Vp.p.|Ｖしたようだ|124||0|0|0
945|seem to Vb|Ｖのようだ|329||0|0|0
946|set ... free|…を解放［釈放］する|292||0|0|0
947|set ... up|…を設立する|147||0|0|0
948|set about Ving|Ｖすることを始める|333||0|0|0
949|set in|（悪天候などが）始まる|60||0|0|0
950|set off|（旅行などに）出発する|109||0|0|0
951|settle out of court|示談で解決する|196||0|0|0
952|shake hands with ...|…と握手をする|14||0|0|0
953|Shall I Vb?|Ｖしましょうか？|298||0|0|0
954|share A with B|AをBと共有する|359||0|0|0
955|should S Vb|仮にSがＶすれば|374||0|0|0
956|show off|誇示する，見せびらかす|206||0|0|0
957|show signs of ...|…の兆候［気配］がある|411||0|0|0
958|simply/merely because ～|単に～だからという理由で|276||0|0|0
959|slap/pat/tap ... on the 体の部分|…の＜体の部分＞を叩く|170|258|0|0|0
960|slow down|速度を落とす|114||0|0|0
961|sneak in/out|こっそり入る/出る|170||0|0|0
962|so ... (that) ～|～するほどとても…|13|134|0|0|0
963|So ... 代動詞.|そう言われれば確かにそうですね。|295||0|0|0
964|so that ～|～する目的で|269||0|0|0
965|so to speak|言わば|349||0|0|0
966|So 助動詞 …|…もまたそうである。|371||0|0|0
967|so long as ～|～である限り|277||0|0|0
968|some ～ , others …|～するものもあれば，…するものもいる。|273||0|0|0
969|sooner or later|遅かれ早かれ|140||0|0|0
970|sort of ...|種類［たぐい］の…|82||0|0|0
971|speaking/talking of ...|…と言えば|232||0|0|0
972|spend A on B|AをBに費やす|203||0|0|0
973|spend ... Ving|…をＶすることに費やす|162||0|0|0
974|stand by ...|…を支援する|174||0|0|0
975|stand for ...|（頭文字などが）…を表す|234||0|0|0
976|stand out|目立つ|350||0|0|0
977|stare at ...|…をじっと見つめる|254||0|0|0
978|start to Vb|Ｖし始める|249||0|0|0
979|starting ...|（日付）から|18||0|0|0
980|stop ... from Ving|…がＶするのを阻止する|49||0|0|0
981|stop to Vb|Ｖするために立ち止まる|105||0|0|0
982|stop Ving|Ｖするのをやめる|186||0|0|0
983|strike A as B|AにBという印象を与える|303||0|0|0
984|strive to Vb|Ｖしようと懸命に努力する|401||0|0|0
985|such ... (that) ～|～するほどとても…|132|395|0|0|0
986|such as ...|…のような|37|345|0|0|0
987|suffer from ...|…で苦しむ|267||0|0|0
988|～ sum(s) of ...|…な金額の|203||0|0|0
989|Sure.|いいですよ。　もちろんです。|113||0|0|0
990|switch ... on|…のスイッチを入れる|372||0|0|0
991|take (one's) revenge on ...|…に仕返しをする|407||0|0|0
992|take ... apart|…を分解する［ばらばらにする］|269||0|0|0
993|take A as B|AをBだと取る［解釈する］|39||0|0|0
994|take ... for granted|…を当然のことと思う|341||0|0|0
995|take ... in|…をだます|291||0|0|0
996|take ... into account|…を考慮に入れる|378||0|0|0
997|take ... off|…を脱ぐ|163||0|0|0
998|take ... up|…を始める|128||0|0|0
999|take ... with 人|…を持って行く|268||0|0|0
1000|take ...'s place|…の代わりをする|270||0|0|0
1001|Take a seat.|お座りください。|48||0|0|0
1002|take advantage of ...|…を利用する|133||0|0|0
1003|take after ...|…に似ている|279||0|0|0
1004|take care of ...|…の世話をする|113||0|0|0
1005|take off|離陸する|393||0|0|0
1006|take one's time|自分のペースでゆっくり行う|45||0|0|0
1007|take over (...)|（…を）引き継ぐ|296||0|0|0
1008|take (great) pains to Vb|一生懸命にＶする|106||0|0|0
1009|take part in ...|…に参加する|65||0|0|0
1010|take place|行われる，起こる|226||0|0|0
1011|take pride in ...|…を自慢に思う|197||0|0|0
1012|take responsibility for ...|…の責任を取る|271||0|0|0
1013|take the trouble to Vb|苦労を惜しまずＶする|340||0|0|0
1014|talk A into B|AにBするよう説得する|22||0|0|0
1015|talk A out of B|AにBしないよう説得する|161||0|0|0
1016|tell A from B|AをBと区別する|335||0|0|0
1017|tell ... to Vb|…にＶするように言う|249||0|0|0
1018|tend to Vb|Ｖする傾向がある|150||0|0|0
1019|thank A for B|AにBを感謝する|48||0|0|0
1020|thanks to ...|…のおかげで|96||0|0|0
1021|That depends.|それは場合による。|285||0|0|0
1022|that is|つまり|212||0|0|0
1023|that is to say|つまり|382||0|0|0
1024|that of ...|…のそれ|150||0|0|0
1025|That's correct.|その通り。|293||0|0|0
1026|That's too bad.|それはまずい［残念］ですね。|11||0|0|0
1027|the day before yesterday|一昨日|257||0|0|0
1028|The fact is that ～ .|実は～なのです。|195||0|0|0
1029|the instant (that) ～|～した瞬間に|249||0|0|0
1030|the last (...) to Vb.|決してＶしない（…）|310||0|0|0
1031|The last thing ... want to do is (to) Vb.|…が最もしたくないことはＶすることだ。|364||0|0|0
1032|the moment (that) ～|～した瞬間に|250||0|0|0
1033|the night before ...|…の前の夜に|256||0|0|0
1034|the number of ...|…の数|187||0|0|0
1035|the other day|先日||13|0|0|0
1036|the others|残りの全て||26|0|0|0
1037|the poor/rich/sick, etc.|貧しい/金持ちの/病気の，etc.人達|162|353|0|0|0
1038|The reason (why) ～ is because ….|～である理由は…だからである。|252||0|0|0
1039|the rest (of ...)|（の…）残り全て|162||0|0|0
1040|the same A as B|Bと同じA|150||0|0|0
1041|The thing is, ～ .|実は～なのです。|103||0|0|0
1042|The trouble is that ～ .|困ったことに～である。|194||0|0|0
1043|the week before last|先々週|6||0|0|0
1044|the + 川の名前|…川|403||0|0|0
1045|the + 国名形容詞|…の国民|80|205|0|0|0
1046|the 比較級 of the two|２つ［２人］のうちより…な方|405||0|0|0
1047|The 比較級, the 比較級|…すればするほどより～|210||0|0|0
1048|There is no hurry.|急ぐことはありません。|45||0|0|0
1049|There is no use Ving.|Ｖしても仕方がない。|339||0|0|0
1050|There is no Ving.|Ｖすることはできない。|368||0|0|0
1051|There is still a long way to go before ～ .|～するのはまだずっと先のことである。|149||0|0|0
1052|There ... go(es) again.|また…のいつものが始まったよ。|206||0|0|0
1053|There V S.|SはVする。|244||0|0|0
1054|these days|近頃では|267||0|0|0
1055|think ... over|…をじっくり考える|23||0|0|0
1056|think nothing of ...|…を全く気にしない|347||0|0|0
1057|think of A as B|AをBと見なす|119||0|0|0
1058|This is ...（電話）|（電話で） 私は…です。|298||0|0|0
1059|This is the 序数 + 名詞 that ～ .|～するのはこれが…番［回］目の＜名詞＞だ。|246||0|0|0
1060|This is where ～ .|ここは～する場所だ。|159||0|0|0
1061|this time|今回は|126||0|0|0
1062|This/That is how ～ .|このようにして～。|369||0|0|0
1063|This/That is why ～ .|この理由で～。|230||0|0|0
1064|threaten to Vb|Ｖするぞと脅す|292||0|0|0
1065|to and from ...|…の行き帰りに|28||0|0|0
1066|to be honest|正直［率直］に言うと|118||0|0|0
1067|to begin with|まず始めに|343||0|0|0
1068|to make matters worse|さらに悪いことには|79||0|0|0
1069|to one's heart's content|心ゆくまで|348||0|0|0
1070|to one's relief|ほっとしたことに|67||0|0|0
1071|to put it bluntly/briefly, etc.|あからさまに/手短に，etc. 言うと|388||0|0|0
1072|to say nothing of ...|…は言うまでもなく|120||0|0|0
1073|to say the least|控えめに言っても|117||0|0|0
1074|to some extent|ある程度|47||0|0|0
1075|to tell (you) the truth|本当のことを言うと|119||0|0|0
1076|to the north/south/east/west of ...|…の北/南/東/西の方角に|211||0|0|0
1077|to death|死ぬほど， 死ぬまで|29|272|0|0|0
1078|too ... to Vb|あまりに…でＶできない|113||0|0|0
1079|translate A into B|AをBに翻訳する|361||0|0|0
1080|treat A as B|AをBとして扱う|133||0|0|0
1081|try ... on|…を試着する|25||0|0|0
1082|try Ving|試しにＶする|135||0|0|0
1083|turn ... down|…を断る|285||0|0|0
1084|turn ... off|…を消す［止める］|265||0|0|0
1085|turn ... on|…を点ける|372||0|0|0
1086|turn around|反対方向に向きを変える|105||0|0|0
1087|turn out ...|結局…となる|255||0|0|0
1088|turn out to be ...|後で…だとわかる［判明する］|294||0|0|0
1089|turn to A for B|AにBを頼る|248||0|0|0
1090|turn up|現れる|62||0|0|0
1091|type of ...|種類［タイプ］の…|307||0|0|0
1092|under repair/construction|修理/建設中である|233||0|0|0
1093|under/in ...circumstances|…の状況で|75||0|0|0
1094|up to ...|…まで|54|179|0|0|0
1095|urge ... to Vb|…にＶするよう強く勧める|380||0|0|0
1096|used to Vb|かつてはＶだった|2||0|0|0
1097|view A as B|AをBと見なす|231||0|0|0
1098|vote for/against ...|…に賛成票/反対票を投じる|193||0|0|0
1099|wait for ...|…を待つ|10||0|0|0
1100|wait for ... to Vb|…がＶするのを待つ|166||0|0|0
1101|wait one's turn|自分の順番を待つ|134||0|0|0
1102|wake up|目ざめる|107||0|0|0
1103|want ... to Vb|…にＶしてほしい|4|247|0|0|0
1104|want ... Vp.p.|…がＶされるのを望む|247||0|0|0
1105|watch out (for ...)|（…に）注意をする|249||0|0|0
1106|way of Ving|Ｖの仕方|253||0|0|0
1107|We/They/You all ...|私達/彼ら/あなた達は皆…|307||0|0|0
1108|wear the pants|主導権を握る|349||0|0|0
1109|what (little) ... S V|SがVする（少ないながら）全ての…|208||0|0|0
1110|What do you say (to ...)?|（…は）どうですか？|318||0|0|0
1111|What do you think of ...?|…をどう思いますか？|25||0|0|0
1112|What has become of ...?|…はどうなりましたか？|6||0|0|0
1113|What if ～ ?|～したらどうなるのですか？|268||0|0|0
1114|What is S like?|…はどのような物［人］ですか？|202||0|0|0
1115|What on earth ... ?|いったい何が…なのですか？|10||0|0|0
1116|what A call B|AがBと呼ぶもの|206||0|0|0
1117|what they/we call ...|いわゆる…|87||0|0|0
1118|What was the outcome of ...?|…の結果はどうなりましたか？|52||0|0|0
1119|what with A and B|AやらBやらで|93||0|0|0
1120|What's keeping you?|どうして遅れているんだい？|115||0|0|0
1121|what's more|その上さらに|118||0|0|0
1122|What's the matter?|どこがおかしいのですか？|356||0|0|0
1123|What's wrong (with ...) ?|（…は）どこがおかしいのですか？|200||0|0|0
1124|What about ...?|…についてはどうですか？|75||0|0|0
1125|when it comes to ...|…という話になると|130||0|0|0
1126|when Ving|Ｖする時には|224||0|0|0
1127|whether ～ or …|～であれ…であれ（いずれにせよ）|277|278|0|0|0
1128|whether or not ～|～か否か|94||0|0|0
1129|while Ving|Ｖしている間に|134||0|0|0
1130|Who's calling, please?|（電話で） どちらさまでしょうか？|298||0|0|0
1131|Why don't we Vb?|Ｖしようじゃないか。|280||0|0|0
1132|Why don't you Vb?|Ｖしてはいかが？|135||0|0|0
1133|Why is it that ～ ?|～なのはいったい何故ですか？|352||0|0|0
1134|Why not Vb?|Ｖするというのはどうですか？|299||0|0|0
1135|Why not?|（提案に同意して） いいですよ。|299||0|0|0
1136|... will do.|…でよい［ＯＫだ］。|21||0|0|0
1137|... will make a ～|…は～になる（素質・素養がある）|282||0|0|0
1138|wipe ... off|…をふき［拭い］取る|102||0|0|0
1139|wish to Vb|Ｖしたい|210||0|0|0
1140|with ... Ving|…がＶしている状態で|336||0|0|0
1141|with ... 形容詞句|…が＜形容詞句＞である状態で|185||0|0|0
1142|with ... 前置詞句|…が＜前置詞句＞にある状態で|168|254|0|0|0
1143|with a view to Ving|Ｖする目的で|409||0|0|0
1144|(with) all things considered|全てを考慮に入れると|413||0|0|0
1145|with ease|たやすく，容易に|181||0|0|0
1146|with/in regard to ...|…に関して|196||0|0|0
1147|withhold A from B|AをBに与えないでおく|154||0|0|0
1148|within ... distance|…な［…できる］距離に|354||0|0|0
1149|without (a) trace|跡形もなく|107||0|0|0
1150|work ... out|…を解決する|101||0|0|0
1151|work for ...|…に勤めている|2||0|0|0
1152|work late|残業をする|250||0|0|0
1153|Would it be all right if ～ ?|～してもかまいませんか？|327||0|0|0
1154|would like ... to Vb|…にＶしてほしい|394||0|0|0
1155|would like to Vb|Ｖしたい|21||0|0|0
1156|would love to Vb|とてもＶしたい|103||0|0|0
1157|would rather V1 (than V2)|（V2するよりも）むしろV1したい|183||0|0|0
1158|would rather (that) ～|～してほしいと思う|330||0|0|0
1159|Would you like to Vb?|Ｖするのはいかがですか？|103||0|0|0
1160|Would you mind Ving?|Ｖしてもらってかまいませんか？|126||0|0|0
1161|write ... down|…を書き留める|288||0|0|0
1162|yet another ...|さらに別の一つの…|101||0|0|0
1163|yield to ...|…に屈する|98||0|0|0
1164|You can say that again.|全く同感です。|366||0|0|0
1165|You might want [like] to Vb.|（あなたは）Ｖした方がよいかもしれない。|63||0|0|0
1166|You're right.|その通りです。|339||0|0|0
1167|S, Vp.p., V ...|Ｓは，Ｖされて［Ｖされながら］，Ｖする。|33||0|0|0
1168|S, 形容詞句, V ...|Sは＜形容詞＞（の状態）でＶする。|414||0|0|0
1169|形容詞, S + V ...|＜形容詞＞（の状態）でSはＶする。|264||0|0|0
1170|比較級 and 比較級|どんどんより…|409||0|0|0
1171|比較級 than any other ...|いかなる他の…よりも|403||0|0|0
1172|命令文, will you?|…してくれませんか？|285||0|0|0
