1|abandon|…を捨てる|352||0|0|0
2|ability|能力|120|351|0|0|0
3|abolish|…を廃止する|94||0|0|0
4|abolition|廃止|220||0|0|0
5|abortion|中絶|75||0|0|0
6|abroad|外国に|278||0|0|0
7|abruptly|突然|352||0|0|0
8|absolutely|絶対的に|311||0|0|0
9|absorb|…を吸収する|170||0|0|0
10|absurd|ばかげた|303||0|0|0
11|abundant|豊富な|280||0|0|0
12|abuse|濫用|219||0|0|0
13|academic|学問の|31||0|0|0
14|accept|…を受け入れる|52||0|0|0
15|access|アクセス|82||0|0|0
16|accommodate|…を収容する|155||0|0|0
17|accompany|…に付き添う|171||0|0|0
18|accord|合意|364||0|0|0
19|account|説明|384||0|0|0
20|accountant|会計士|198||0|0|0
21|accurate|正確な|384||0|0|0
22|accuse|…を非難する|225||0|0|0
23|accused （the ～）|被告人|378||0|0|0
24|accustomed|慣れている|140||0|0|0
25|ache|痛み|57||0|0|0
26|achieve|…を達成する|274|401|0|0|0
27|acknowledge|…を認める|318||0|0|0
28|acquire|…を取得する|112||0|0|0
29|act|制定法，行為|51|231|0|0|0
30|action|行動|275|353|0|0|0
31|active|活動的な|108||0|0|0
32|activity|活動|312||0|0|0
33|actor|俳優|411||0|0|0
34|actual|実際の|17||0|0|0
35|add|…を足す|216|246|0|0|0
36|addict|中毒者|219||0|0|0
37|address (名詞)|住所|224||0|0|0
38|address (動詞)|…に話しかける|216||0|0|0
39|adequate|十分な|382||0|0|0
40|adjust|適応する|356||0|0|0
41|administration|経営，政権|19|209|0|0|0
42|admiral|海軍司令官|96||0|0|0
43|admire|…を素晴らしいと思う|371||0|0|0
44|admit|…を認める|131||0|0|0
45|adolescence|思春期|159||0|0|0
46|adopt|…を採用する［養子にする］|259|266|0|0|0
47|adult|大人|247||0|0|0
48|advance|前進する|202||0|0|0
49|advantage|有利|133||0|0|0
50|advantageous|有利な|83||0|0|0
51|adventure|冒険|145||0|0|0
52|adversely|悪く|293||0|0|0
53|advice|忠告|35||0|0|0
54|advise|…に勧める|310||0|0|0
55|affair|問題，情事|247|407|0|0|0
56|affect|…に影響を与える|293||0|0|0
57|affluent|豊かな|158||0|0|0
58|afford|…の余裕がある|192||0|0|0
59|afterward|後になって|131|306|0|0|0
60|agent|諜報部員|292||0|0|0
61|ages|長い時間|10||0|0|0
62|aggressive|強引な|373||0|0|0
63|agony|苦痛|404||0|0|0
64|agree|同意する|52||0|0|0
65|ahead|前方に|370||0|0|0
66|aid|援助|344||0|0|0
67|aide|補佐官|147||0|0|0
68|aim|目標|95||0|0|0
69|alert|機敏な|40||0|0|0
70|alike|同様に|337||0|0|0
71|alive|生きている|318||0|0|0
72|alleged|称されている|122||0|0|0
73|allergy|アレルギー|330||0|0|0
74|alley|路地|33||0|0|0
75|allow|…を許す|54|82|0|0|0
76|allowance|小遣い|18||0|0|0
77|alone|一人で|286||0|0|0
78|alter|…を変える|409||0|0|0
79|alternative|代替の|400||0|0|0
80|although|…だが|275||0|0|0
81|altitude|高度|393||0|0|0
82|amazed|びっくりした|29||0|0|0
83|ambassador|大使|355||0|0|0
84|ambiguous|曖昧な|358||0|0|0
85|ambition|大望|401||0|0|0
86|ambitious|野心的な|129||0|0|0
87|amiable|愛想の良い|281||0|0|0
88|amount|量|178||0|0|0
89|ample|十分な|50||0|0|0
90|amply|十分に|197||0|0|0
91|amuse|…を楽しませる|229||0|0|0
92|analyze|…を分析する|78||0|0|0
93|ancient|古代の|211|342|0|0|0
94|anger|怒り|315||0|0|0
95|anniversary|記念日|99||0|0|0
96|announce|…を発表する|51||0|0|0
97|annoyance|いらだち|335||0|0|0
98|annual|年１回の|191||0|0|0
99|anonymous|匿名の|32||0|0|0
100|another|あと…|333||0|0|0
101|Antarctic|南極の|188||0|0|0
102|anticipate|…を予期する|275||0|0|0
103|anxiety|心配|271||0|0|0
104|anxious|切望している，心配している|115|256|0|0|0
105|anybody|いかなる人|6||0|0|0
106|anyway|とにかく|261||0|0|0
107|apart|離れて|269||0|0|0
108|apartment|アパート|192|288|0|0|0
109|apologize|謝罪する|171||0|0|0
110|apparatus|器具|106||0|0|0
111|apparently|どうやら|99||0|0|0
112|appear|…のようだ|29||0|0|0
113|appetite|食欲|356||0|0|0
114|applaud|拍手をする|241||0|0|0
115|apply|申し込む|340||0|0|0
116|appoint|…を任命する|308||0|0|0
117|appointment|予約，任命|10|308|0|0|0
118|appreciate|…に感謝する|281||0|0|0
119|approach (動詞)|…に近づく|108||0|0|0
120|approach (名詞)|対処法|148||0|0|0
121|appropriate|適切な|324||0|0|0
122|approve|良いと認める|418||0|0|0
123|approximately|およそ|240|417|0|0|0
124|architecture|建築|74||0|0|0
125|area|地域|154|403|0|0|0
126|argue|主張する|346||0|0|0
127|arise|生じる|370||0|0|0
128|aristocrat|貴族|348||0|0|0
129|arithmetic|算数|156||0|0|0
130|armed|武装した|32||0|0|0
131|around|約…||250|0|0|0
132|arouse|…をかき立てる|231||0|0|0
133|arrange|手配する|270||0|0|0
134|arrangement|配置|138||0|0|0
135|arrest|…を逮捕する|87||0|0|0
136|arrival|到着|394||0|0|0
137|arrogance|傲慢さ|411||0|0|0
138|arrogant|傲慢な|411||0|0|0
139|article|記事|27||0|0|0
140|artificial|人工的な|297||0|0|0
141|artistic|芸術的な|325||0|0|0
142|as (接続詞)|…なので，…と同時に，…のように|15|186|0|0|0
143|as (前置詞)|…として，…の頃|6|37|0|0|0
144|ascend|登る|129||0|0|0
145|ashamed|恥じている|291||0|0|0
146|Asian|アジアの|205||0|0|0
147|asleep|眠っている|250||0|0|0
148|aspect|面|406||0|0|0
149|assault|暴行|87||0|0|0
150|assemble|…を組み立てる|185||0|0|0
151|assembly|集まり|197||0|0|0
152|assert|…だと主張する|235||0|0|0
153|assess|…を評価する|357||0|0|0
154|assign|…を割り当てる|50||0|0|0
155|assignment|仕事|408||0|0|0
156|assistance|援助|248||0|0|0
157|assistant|助手|198||0|0|0
158|associate|同僚|354||0|0|0
159|assumption|想定|390||0|0|0
160|assure|…を確約する|182||0|0|0
161|asteroid|小惑星|240||0|0|0
162|astonish|…をびっくりさせる|3||0|0|0
163|astonishing|びっくりな|181||0|0|0
164|astronaut|宇宙飛行士|168||0|0|0
165|astronomer|天文学者|215||0|0|0
166|athletic|運動競技の|181||0|0|0
167|atmosphere|大気，雰囲気|31|190|0|0|0
168|attach|…を添付する|224||0|0|0
169|attack|攻撃|155||0|0|0
170|attain|…を達成する|266||0|0|0
171|attempt|試み|101|229|0|0|0
172|attend|…に出席する|270||0|0|0
173|attention|注意|167||0|0|0
174|attire|服装|167||0|0|0
175|attorney|弁護士|172||0|0|0
176|attract|…を引き寄せる|402||0|0|0
177|attractive|魅力的な|23||0|0|0
178|audience|聴衆|402||0|0|0
179|authority|権威，当局|141|340|0|0|0
180|autobiography|自伝|239||0|0|0
181|autumn|秋|3||0|0|0
182|available|手に入る|21|261|0|0|0
183|average|平均|1||0|0|0
184|avoid|…を避ける|128||0|0|0
185|award （名詞）|賞|207||0|0|0
186|award （動詞）|…を授与する|340||0|0|0
187|aware|気づいている|219||0|0|0
188|awful|ひどい|30||0|0|0
189|awfully|ひどく|111||0|0|0
190|awkward|不器用な|279||0|0|0
191|bachelor|独身男性|405||0|0|0
192|back (名詞)|背中|392||0|0|0
193|background|背景|68||0|0|0
194|badly|悪く|118||0|0|0
195|baggage|荷物|20||0|0|0
196|bald|禿げた|315||0|0|0
197|ban|…を禁止する|149||0|0|0
198|banish|…を国外に追放する|129||0|0|0
199|bankrupt|倒産した|27||0|0|0
200|banquet|晩餐会|270||0|0|0
201|bar (動詞)|…の行為を妨げる|216||0|0|0
202|barely|かろうじて|26|410|0|0|0
203|bargain|交渉をする|343||0|0|0
204|barren|不毛の|194||0|0|0
205|base|基地|155||0|0|0
206|basic|基本的な|194|311|0|0|0
207|basis|基礎|367||0|0|0
208|battery|電池|55||0|0|0
209|battle|戦い|96|161|0|0|0
210|battleship|戦艦|175||0|0|0
211|bead|玉|46||0|0|0
212|beam|微笑む|281||0|0|0
213|bear (動詞)|…を負う|22||0|0|0
214|beat|繰り返し打つ|134||0|0|0
215|beauty|美点|295||0|0|0
216|beer|ビール|46||0|0|0
217|before (副詞)|以前に|82||0|0|0
218|beg|懇願する|377||0|0|0
219|behave|振る舞う|277||0|0|0
220|behavior|振る舞い|171||0|0|0
221|belief|信じること|368||0|0|0
222|below|…より下に|328||0|0|0
223|bend|…を曲げる|392||0|0|0
224|beneath|…より下に|297||0|0|0
225|beneficial|有益な|76||0|0|0
226|benefit|給付|227||0|0|0
227|beside|…の隣に|55||0|0|0
228|besides|…に加え|91|366|0|0|0
229|best man （the ～）|花婿の付添人|(the ～ ) 173||0|0|0
230|betray|…を裏切る|70||0|0|0
231|beyond|…を越えて|204||0|0|0
232|Big Apple (the ～ )|ニューヨーク|243||0|0|0
233|bike|自転車|28||0|0|0
234|bill|法案|193||0|0|0
235|billion|10億|240|386|0|0|0
236|billionaire|億万長者|255||0|0|0
237|biological|生物学の|238||0|0|0
238|biology|生物学|36||0|0|0
239|birth|誕生|36||0|0|0
240|bit|少額|281||0|0|0
241|bitterly|ひどく|193||0|0|0
242|black|黒人の|100||0|0|0
243|blame|…を非難する|388||0|0|0
244|blank|空欄|224||0|0|0
245|bleak|見通しが暗い|17||0|0|0
246|blind|盲目の|9||0|0|0
247|blood|血|180||0|0|0
248|blunder|へま|167||0|0|0
249|blunt|無遠慮な|283||0|0|0
250|bluntly|あからさまに|388||0|0|0
251|board|重役グループ|176||0|0|0
252|boast|自慢する|363||0|0|0
253|body|団体|222||0|0|0
254|bold|大胆な|53|188|0|0|0
255|bomb|爆弾|20||0|0|0
256|bomber|爆撃機|393||0|0|0
257|book (動詞)|…を予約する|93||0|0|0
258|books|帳簿|198||0|0|0
259|border|国境|99||0|0|0
260|bored|退屈している|29||0|0|0
261|boring|退屈な|8||0|0|0
262|borrow|…を借りる|183||0|0|0
263|boss|上司|117||0|0|0
264|botanical|植物学の|337||0|0|0
265|both|両方（の）|249|365|0|0|0
266|bottle|瓶|304||0|0|0
267|bottom|底|257||0|0|0
268|bow|お辞儀をする|48||0|0|0
269|boyfriend|恋人|22|407|0|0|0
270|brain|脳|382||0|0|0
271|brand-new|新品の|98||0|0|0
272|brave|勇敢な|414||0|0|0
273|breast|胸|36||0|0|0
274|breath|息|114||0|0|0
275|bribe|賄賂|373||0|0|0
276|bride|花嫁|173||0|0|0
277|bridesmaid|花婿の付添人|173||0|0|0
278|brightly|明るく|190||0|0|0
279|brilliant|素晴らしい|355||0|0|0
280|British|英国（人）の|221||0|0|0
281|broadcast|…を放送する|208||0|0|0
282|bronze|青銅|218||0|0|0
283|buck|ドル|126||0|0|0
284|budget|予算|386||0|0|0
285|bug|虫|410||0|0|0
286|build|…を建設する|104||0|0|0
287|building|建物|59||0|0|0
288|bullet|弾丸|68||0|0|0
289|bully|…をいじめる|252||0|0|0
290|bump|ぶつかる|5|279|0|0|0
291|bunch|束|243||0|0|0
292|burden|重荷|84||0|0|0
293|bureaucrat|官僚|346||0|0|0
294|burglar|強盗|64||0|0|0
295|burn|…を燃やす|387||0|0|0
296|burst|破裂する|331||0|0|0
297|bury|…を埋める|154||0|0|0
298|bush|低木|146||0|0|0
299|business|商売|103||0|0|0
300|but （副詞）|ただの…|67||0|0|0
301|but （前置詞）|…を除き|62||0|0|0
302|cab|タクシー|201||0|0|0
303|cabinet|内閣|308||0|0|0
304|calamity|災害|275||0|0|0
305|calculation|計算|156||0|0|0
306|calm|穏やかな|132||0|0|0
307|campaign|（政治・社会的）運動|65||0|0|0
308|can (名詞)|缶|304||0|0|0
309|can't|…のはずがない|300||0|0|0
310|cancel|…を取り消す|199||0|0|0
311|cancer|ガン|57||0|0|0
312|candid|率直な|397||0|0|0
313|candidate|候補者|14||0|0|0
314|capable|能力がある|220||0|0|0
315|capital|首都|211||0|0|0
316|capitalism|資本主義|262||0|0|0
317|captain|船長|264||0|0|0
318|capture|…を捉える|377||0|0|0
319|care|世話|191||0|0|0
320|career|経歴|355||0|0|0
321|careless|不注意な|279||0|0|0
322|cargo|貨物|54||0|0|0
323|case|場合|140|233|0|0|0
324|cash|現金|126|287|0|0|0
325|castle|城|145||0|0|0
326|casual|気軽な|151||0|0|0
327|catastrophe|大惨事|16||0|0|0
328|cathedral|大聖堂|72||0|0|0
329|Catholic|カトリック教徒|75||0|0|0
330|cause (名詞)|原因|231||0|0|0
331|cause (動詞)|…をもたらす|16|157|0|0|0
332|caution|…に注意する|322||0|0|0
333|cautious|注意深い|268||0|0|0
334|cease|…をやめる|3||0|0|0
335|celebrate|…を祝う|99||0|0|0
336|celebrity|有名人|66||0|0|0
337|cell|細胞|217||0|0|0
338|Celsius|摂氏|246||0|0|0
339|central|中央の|104|192|0|0|0
340|CEO|最高経営責任者|176||0|0|0
341|ceremony|儀式|138||0|0|0
342|certain|某，確信している|217|282|0|0|0
343|challenging|やりがいはあるが困難な|50||0|0|0
344|chaos|混乱|394||0|0|0
345|chapel|礼拝堂|72||0|0|0
346|chapter|章|76||0|0|0
347|characteristic|特徴|205||0|0|0
348|charge (名詞)|料金|54|91|0|0|0
349|charge (動詞)|…を課す，…を告訴する|199|318|0|0|0
350|charity|慈善基金|208||0|0|0
351|chase|…を追う|165||0|0|0
352|chatter|おしゃべりをする|49||0|0|0
353|chatterbox|おしゃべり人間|49||0|0|0
354|cheat|不正をする|189||0|0|0
355|check|調べる|21||0|0|0
356|check|小切手|287||0|0|0
357|checkout|精算カウンター|55||0|0|0
358|cheerfully|陽気に|14||0|0|0
359|chemical|化学的な|214||0|0|0
360|chemist|化学者|222||0|0|0
361|chemistry|化学|106||0|0|0
362|cherish|…を大切にする|4||0|0|0
363|chest|胸|11||0|0|0
364|chief|（組織の）長|376||0|0|0
365|childhood|子供時代|378||0|0|0
366|childish|子供っぽい|170||0|0|0
367|china|陶磁器|112||0|0|0
368|Chinese|中国人の|205||0|0|0
369|chirp|鳴く|186||0|0|0
370|choice|選択|62||0|0|0
371|choir|聖歌隊|72||0|0|0
372|choose|…を選ぶ|199||0|0|0
373|chore|雑用|116||0|0|0
374|Christian|キリスト教徒|364||0|0|0
375|chronic|慢性の|34||0|0|0
376|chuckle|くすくすと笑う|229||0|0|0
377|cigarette|たばこ|105||0|0|0
378|circulate|…を広める|123||0|0|0
379|circumstance|状況|75||0|0|0
380|citizen|市民|92||0|0|0
381|civilization|文明|213||0|0|0
382|claim|…だと主張する|234||0|0|0
383|clash|衝突する|236||0|0|0
384|cleaning|掃除|359||0|0|0
385|clear (動詞)|…にある邪魔なものを取り除く|330||0|0|0
386|clearly|明らかに|300||0|0|0
387|clergyman|聖職者|216||0|0|0
388|clerk|事務員|287||0|0|0
389|client|顧客|293||0|0|0
390|cliff|崖|67||0|0|0
391|climate|気候|31||0|0|0
392|cling|しがみつく|290||0|0|0
393|close (形容詞)|接近した|147||0|0|0
394|close (動詞)|…を閉じる|184||0|0|0
395|clothes|服|199||0|0|0
396|clue|手がかり|59||0|0|0
397|clumsy|不器用な|279||0|0|0
398|coarse|粗暴な|375||0|0|0
399|coast|沿岸|164||0|0|0
400|coherent|首尾一貫した|303||0|0|0
401|coincide|一致する|99||0|0|0
402|collapse|崩壊|82||0|0|0
403|collar|襟|249||0|0|0
404|collection|収集|360||0|0|0
405|college|大学|243||0|0|0
406|collision|衝突|201||0|0|0
407|colonel|大佐|263||0|0|0
408|colonial|植民地の|412||0|0|0
409|colored|色の付いた|190||0|0|0
410|column|円柱|85||0|0|0
411|comet|彗星|240||0|0|0
412|comfortable|快適な|190||0|0|0
413|command (名詞)|命令，運用能力|263|371|0|0|0
414|command (動詞)|命令する|40||0|0|0
415|comment|コメントをする|373||0|0|0
416|commerce|通商|51||0|0|0
417|common sense|常識的な判断力|322||0|0|0
418|commit|（罪を）犯す|142||0|0|0
419|committee|委員会|147||0|0|0
420|commodity|商品|328||0|0|0
421|common|共通の|322||0|0|0
422|communicate|意思を伝える|47||0|0|0
423|communism|共産主義|262||0|0|0
424|communist|共産主義の|82||0|0|0
425|community|社会集団|334||0|0|0
426|company|会社|27||0|0|0
427|compare|…を比較・対比する|174|319|0|0|0
428|comparison|比較・対比|204||0|0|0
429|compartment|仕切られたスペース|20||0|0|0
430|compensate|埋め合わせをする|404||0|0|0
431|compete|競争する|51||0|0|0
432|competent|有能な|148||0|0|0
433|competition|競争|262||0|0|0
434|competitive|競争力がある|203||0|0|0
435|complain|不満を言う|391||0|0|0
436|complaint|不満，苦情|124||0|0|0
437|complete|…を完成する|333||0|0|0
438|completely|完全に|169||0|0|0
439|complex|複雑な|50||0|0|0
440|complicated|複雑な|106||0|0|0
441|comprehension|理解（力）|56||0|0|0
442|compromise|妥協|251||0|0|0
443|compulsory|義務的な|273||0|0|0
444|conceal|…を隠す|406||0|0|0
445|conceit|うぬぼれ|411||0|0|0
446|concentrate|集中する|286||0|0|0
447|concept|概念|194||0|0|0
448|concerned|懸念した|219||0|0|0
449|concerning|…に関して|151||0|0|0
450|concession|妥協|412||0|0|0
451|concise|簡潔である|384||0|0|0
452|conclusion|結論|35|217|0|0|0
453|concrete|具体的な|367||0|0|0
454|condemn|…を激しく非難する|412||0|0|0
455|condition|条件，状況|54|136|0|0|0
456|condo|マンション|118||0|0|0
457|conduct (名詞)|行為|139||0|0|0
458|conduct (動詞)|…を行う|188||0|0|0
459|conference|会議|31||0|0|0
460|confess|…を告白する|34||0|0|0
461|confide|…を打ち明ける|306||0|0|0
462|confident|自信がある|408||0|0|0
463|confine|…を閉じ込める|110||0|0|0
464|confirm|…を確認する|224||0|0|0
465|conflict|対立|370||0|0|0
466|conform|合わせる|228||0|0|0
467|confront|…に立ちはだかる|148||0|0|0
468|confuse|…を混同する|351||0|0|0
469|congratulation|祝い|173||0|0|0
470|Congress|議会|221||0|0|0
471|conquer|…を征服する|129||0|0|0
472|conscience|良心|131||0|0|0
473|conscious|意識している|409||0|0|0
474|consciousness|意識|180||0|0|0
475|consent|同意する|418||0|0|0
476|consequence|結果|27||0|0|0
477|consequently|結果的に|399||0|0|0
478|conservation|保護|150||0|0|0
479|conservative|保守的な|53||0|0|0
480|conserve|…を節約する|264||0|0|0
481|consider|…を見なす，…を考慮する|50|413|0|0|0
482|considerable|かなりの|178||0|0|0
483|considerate|思いやりがある|174||0|0|0
484|consist|成り立つ|221||0|0|0
485|consistent|首尾一貫した|77||0|0|0
486|console|…を慰める|297||0|0|0
487|conspicuous|目立っている|312||0|0|0
488|conspiracy|共謀|131||0|0|0
489|constantly|絶えず|252||0|0|0
490|constitution|憲法|389||0|0|0
491|construction|建設|157||0|0|0
492|consult|…に相談する|318||0|0|0
493|consultant|コンサルタント|136||0|0|0
494|consume|…を消費する|272||0|0|0
495|consumption|消費|91||0|0|0
496|contact (動詞)|…に連絡をする|374||0|0|0
497|contain|…を含む|79|361|0|0|0
498|contaminate|…を汚染する|154||0|0|0
499|contemplate|…をじっくり考える|142||0|0|0
500|contemporary|現代の|29||0|0|0
501|contempt|軽蔑|66||0|0|0
502|contend|対決する|307||0|0|0
503|content (形容詞)|満足している|341||0|0|0
504|content (名詞)|中身|30||0|0|0
505|context|前後関係|35||0|0|0
506|continue|…を続ける|189||0|0|0
507|contract|契約|358||0|0|0
508|contradictory|矛盾した|139||0|0|0
509|contrary|正反対の|310||0|0|0
510|contrast|対照|384||0|0|0
511|contribution|寄付|281||0|0|0
512|controversy|論議|308||0|0|0
513|convenient|都合の良い|21||0|0|0
514|conventional|従来の|345||0|0|0
515|conversational|会話の|56||0|0|0
516|convey|…を伝える|361||0|0|0
517|convince|…を納得させる|52||0|0|0
518|cooperate/co-operate|協力をする|334||0|0|0
519|corporate|会社の|83||0|0|0
520|corporation|会社|2||0|0|0
521|correct (形容詞)|正しい|293||0|0|0
522|correct (動詞)|…を正す|353||0|0|0
523|correspond|一致する|221||0|0|0
524|corrupt|汚職を働く|308||0|0|0
525|cost (動詞)|（費用が）かかる|40|63|0|0|0
526|cost (名詞)|費用|320||0|0|0
527|costly|費用が高くつく|400||0|0|0
528|couch|長いす|250||0|0|0
529|could|…できるであろう，…する可能性がある|49|223|0|0|0
530|council|評議会|340||0|0|0
531|counselor|カウンセラー|380||0|0|0
532|count|価値がある|281||0|0|0
533|counterpart|同じ機能［立場］のもの|51||0|0|0
534|countryside (the ～)|田舎|3||0|0|0
535|couple|夫婦，カップル|259||0|0|0
536|courageous|気丈な|111||0|0|0
537|court|裁判所|196|383|0|0|0
538|courtesy|礼儀|89||0|0|0
539|cousin|いとこ|300||0|0|0
540|cover|…の範囲をカバーする|213||0|0|0
541|coward|臆病者|368||0|0|0
542|crack（名詞）|ひび|60||0|0|0
543|crack（動詞）|…をこじ開ける|86||0|0|0
544|crater|地面の穴|85||0|0|0
545|create|…を生み出す|77|190|0|0|0
546|creature|生物|214||0|0|0
547|credit|信用|79||0|0|0
548|creed|信条|92||0|0|0
549|cricket|コオロギ|186||0|0|0
550|crime|犯罪|187||0|0|0
551|crisis|危機|284||0|0|0
552|critic|評論家|319||0|0|0
553|critical|物事を批評できる|153||0|0|0
554|criticism|批判|151||0|0|0
555|criticize|…を批判する|354||0|0|0
556|crop|作物|17||0|0|0
557|crucial|極めて重要な|209||0|0|0
558|crude|天然のままの|88||0|0|0
559|cruel|残酷な|182||0|0|0
560|cuisine|料理|206||0|0|0
561|cultivate|…を育む|153||0|0|0
562|cultural|文化の|125||0|0|0
563|culture|文化|253||0|0|0
564|cunning|ずる賢い|369||0|0|0
565|curb (名詞)|道路の縁（石）|69||0|0|0
566|curb (動詞)|…を抑制する|110||0|0|0
567|cure|…を治す|34||0|0|0
568|curiosity|好奇心|39||0|0|0
569|curious|好奇心旺盛な|186||0|0|0
570|currency|通貨|7||0|0|0
571|current|現行の|7||0|0|0
572|curse|ののしる|69||0|0|0
573|custody|養育権|161||0|0|0
574|custom|慣習|342||0|0|0
575|customer|客|124||0|0|0
576|cut (名詞)|削減|157||0|0|0
577|dad|パパ|238|349|0|0|0
578|damage|損害|230||0|0|0
579|danger|危険|219||0|0|0
580|dare|ずうずしく…する|306||0|0|0
581|daring|大胆な|188||0|0|0
582|date|日付|394||0|0|0
583|dawn|夜明け|109||0|0|0
584|dead|死んだ|410||0|0|0
585|deadline|締め切り|408||0|0|0
586|deaf|耳が聞こえない|9||0|0|0
587|deal|取引|23||0|0|0
588|death|死|15|398|0|0|0
589|debt|負債|22||0|0|0
590|debut|デビュー|411||0|0|0
591|decade|10年|332||0|0|0
592|deceive|…をだます|310||0|0|0
593|decent|まともな|192||0|0|0
594|decide|…を決める|115|208|0|0|0
595|decision|決定|27|388|0|0|0
596|decisive|勝敗を決する|96||0|0|0
597|declare|…を宣言する|97||0|0|0
598|decline（名詞）|低下|143||0|0|0
599|decline（動詞）|…を丁重に断る|373||0|0|0
600|decrease|減少する|187||0|0|0
601|dedicated|打ち込んでいる|179||0|0|0
602|deed|行い|235||0|0|0
603|deeply|深く|219||0|0|0
604|defeat|…を打ち負かす|388||0|0|0
605|defective|欠陥がある|301||0|0|0
606|defend|…を守る|414||0|0|0
607|defendant|被告人|172||0|0|0
608|deficit|赤字|386||0|0|0
609|define|…を定義する|234||0|0|0
610|definition|定義|38||0|0|0
611|defy|…に背く|393||0|0|0
612|degree|学位，度|19|46|0|0|0
613|delay|…を遅らせる|20|358|0|0|0
614|delegate|代表者|193||0|0|0
615|deliberate|…を審議する|149||0|0|0
616|deliberately|わざと|167||0|0|0
617|delicate|繊細な|140||0|0|0
618|delicious|おいしい|258||0|0|0
619|delight|大喜び|100||0|0|0
620|delighted|とても嬉しい|179||0|0|0
621|deliver|（演説を）行う，…を配達する|235|328|0|0|0
622|delivery|配達|33||0|0|0
623|delta|三角州|403||0|0|0
624|demand （名詞）|需要|212||0|0|0
625|demand （動詞）|…を要求する|273||0|0|0
626|democracy|民主主義|218|295|0|0|0
627|demonstrate|…を実演する|269||0|0|0
628|denounce|…を非難する|143||0|0|0
629|dense|濃い|121||0|0|0
630|densely|密集して|399||0|0|0
631|dentist|歯医者|44||0|0|0
632|deny|…を否定する|82|131|0|0|0
633|department|部，課|232||0|0|0
634|depend|依存する|214||0|0|0
635|deposit|預金|178||0|0|0
636|depressed|ひどく落胆した|352||0|0|0
637|deprive|…から奪い去る|382||0|0|0
638|depth|深み|142||0|0|0
639|deputy|代理|232||0|0|0
640|derive|…を引き出す|68||0|0|0
641|describe|…を（説明的に）述べる|205||0|0|0
642|desert|…を（見）捨てる|88||0|0|0
643|deserve|…に値する|227||0|0|0
644|design|…を意図する|155||0|0|0
645|desirable|望ましい|346||0|0|0
646|desire|…を望む|118||0|0|0
647|despair|絶望|142||0|0|0
648|desperate|必死の|229||0|0|0
649|despise|…を軽蔑する|366||0|0|0
650|despite|…にもかかわらず|414||0|0|0
651|destiny|運命|209||0|0|0
652|destroy|…を破壊する|217||0|0|0
653|destruction|破壊|220||0|0|0
654|detail|詳細|346||0|0|0
655|detective|探偵，刑事|59||0|0|0
656|determine|…を決定する|209||0|0|0
657|determined|決意した|414||0|0|0
658|detest|…をひどく嫌う|152||0|0|0
659|devastate|…を徹底的に破壊する|43||0|0|0
660|develop|…を発達させる|153||0|0|0
661|developed|発達した|158||0|0|0
662|developing|発展途上の|162||0|0|0
663|development|開発|203||0|0|0
664|device|装置|160||0|0|0
665|devil|悪魔|183||0|0|0
666|devise|…を考案する|379||0|0|0
667|devote|…を捧げる|191||0|0|0
668|devout|信仰心の厚い|75||0|0|0
669|diagram|図形|106||0|0|0
670|dialect|方言|229||0|0|0
671|diaper|おむつ|102||0|0|0
672|dictator|独裁者|152||0|0|0
673|Diet (the ～ )|国会|221||0|0|0
674|differ|異なる|253||0|0|0
675|difference|違い|261||0|0|0
676|diligent|勤勉な|197||0|0|0
677|diligently|勤勉に|244||0|0|0
678|diplomat|外交官|355||0|0|0
679|direction|方向|105||0|0|0
680|director|映画監督|207||0|0|0
681|disability|身体的障害|9||0|0|0
682|disabled|体の不自由な|162||0|0|0
683|disappear|消える|22||0|0|0
684|disappointed|落胆した|193||0|0|0
685|disaster|災害|379||0|0|0
686|discipline|しつけ|311||0|0|0
687|discouragement|落胆|297||0|0|0
688|discover|…を発見する|86||0|0|0
689|discriminate|差別する|353||0|0|0
690|discuss|…を議論する|110||0|0|0
691|disease|病気|217||0|0|0
692|disgusting|嫌悪感を与える|353||0|0|0
693|dishonest|不誠実な|42||0|0|0
694|dislike|…を嫌悪する|255||0|0|0
695|dismal|憂鬱な|17||0|0|0
696|dismay|ショック|151||0|0|0
697|dismiss|…を解雇する|123||0|0|0
698|disposal|処分|104||0|0|0
699|disposition|性格|176||0|0|0
700|dispute|争い|347||0|0|0
701|dissatisfaction|不満|341||0|0|0
702|distance|遠くの場所|175||0|0|0
703|distant|遠い|112||0|0|0
704|distinguish|区別する|337||0|0|0
705|distinguished|高名な|141||0|0|0
706|distract|…をそらす|167||0|0|0
707|distress|苦悩|191||0|0|0
708|distribution|流通|305||0|0|0
709|district|区域|187||0|0|0
710|disturb|…の休息を邪魔する|286||0|0|0
711|divide|…を分ける|156||0|0|0
712|division|部課|71||0|0|0
713|divorce|離婚|44||0|0|0
714|dollar|ドル|7|122|0|0|0
715|domestic|国内の|51||0|0|0
716|dominant|支配的な|71||0|0|0
717|donate|…を寄付する|208||0|0|0
718|double (動詞)|２倍になる|12||0|0|0
719|double (形容詞)|二重の|375||0|0|0
720|doubt|…を疑う|188||0|0|0
721|doubt|疑い|358||0|0|0
722|dozen|ダース|144||0|0|0
723|drag (動詞)|…を引きずる|385||0|0|0
724|drain|…を排水する|154||0|0|0
725|dramatically|劇的に|34||0|0|0
726|drawer|引き出し|257||0|0|0
727|drip|したたる|46||0|0|0
728|drive|…を～にする|49||0|0|0
729|drought|干ばつ|344||0|0|0
730|drug|麻薬|219||0|0|0
731|drugstore|ドラッグストア|64||0|0|0
732|drunk|酔った|30||0|0|0
733|drunken|酔った|69||0|0|0
734|due|到着予定で|316||0|0|0
735|dull|鈍い|11||0|0|0
736|dumb|口がきけない|168||0|0|0
737|dump truck|ダンプカー|165||0|0|0
738|during|…の間に|321||0|0|0
739|dusk|夕暮れ時|109||0|0|0
740|duty|任務|97|226|0|0|0
741|dweller|住人|192||0|0|0
742|dying|死にかけた|208||0|0|0
743|e-mail|メール|374||0|0|0
744|eager|熱心な|116||0|0|0
745|earn|（金・生計を）得る|6|122|0|0|0
746|earner|稼ぐ人|385||0|0|0
747|earnest|生真面目な|97||0|0|0
748|Earth|地球|240||0|0|0
749|earthquake|地震|265||0|0|0
750|ease|…を和らげる|191||0|0|0
751|eccentric|風変わりな|243||0|0|0
752|ecology|生態|223||0|0|0
753|economic|経済の|80||0|0|0
754|economics|経済学|212||0|0|0
755|economist|経済学者|323||0|0|0
756|economy|経済|262||0|0|0
757|edge|端|67||0|0|0
758|editorial|社説|16||0|0|0
759|education|教育|56|137|0|0|0
760|educational|教育の|153||0|0|0
761|effect|効果|262||0|0|0
762|effective|効果的な|143||0|0|0
763|efficiency|効率|262||0|0|0
764|effort|努力|77||0|0|0
765|elaborate|手が込んだ|139||0|0|0
766|elbow|肘|69||0|0|0
767|elder|年上の|405||0|0|0
768|elderly|年配の|190||0|0|0
769|elect|…を選出する|100||0|0|0
770|election|選挙|147||0|0|0
771|electric|電気の|372||0|0|0
772|electrical|電気の|200||0|0|0
773|electricity|電気|91||0|0|0
774|electronic|電子の|160||0|0|0
775|element|要素|214||0|0|0
776|elementary|初級の|148||0|0|0
777|eligible|適格の|405||0|0|0
778|eliminate|…を取り除く|334||0|0|0
779|elite|エリートの|355||0|0|0
780|else|他の|263||0|0|0
781|embarrassed|恥ずかしい|324||0|0|0
782|embrace|…を抱きしめる|172||0|0|0
783|emerge|現れる|146||0|0|0
784|emergency|緊急|73||0|0|0
785|emotion|感情|363||0|0|0
786|emotional|精神的な|398||0|0|0
787|emphasis|強調|56||0|0|0
788|emphasize|…を強調する|137||0|0|0
789|employee|従業員|123||0|0|0
790|employer|雇用者|123||0|0|0
791|empty|空の|304||0|0|0
792|empty-handed|手ぶらで|109||0|0|0
793|encounter|…に出くわす|283||0|0|0
794|encourage|…を励ます|55||0|0|0
795|endanger|…を危険・危機にさらす|193||0|0|0
796|endeavor|懸命な努力|160||0|0|0
797|endow|…に授ける|325||0|0|0
798|endure|…に耐える|398||0|0|0
799|enemy|敵|414||0|0|0
800|energy|エネルギー|400||0|0|0
801|engaged|婚約している，手がふさがって|44|222|0|0|0
802|engineer|技術者|160||0|0|0
803|engineering|工学|222||0|0|0
804|enormous|巨大な|408||0|0|0
805|ensure|確実に…となるようにする|97||0|0|0
806|enter|…に入る|372||0|0|0
807|enterprise|企業|317||0|0|0
808|entertain|…を楽しませる|229||0|0|0
809|enthusiasm|熱心|413||0|0|0
810|entire|…全体|15||0|0|0
811|entirely|完全に|150||0|0|0
812|entitle|…に資格を与える|19||0|0|0
813|entrance|入ること|256||0|0|0
814|envious|うらやましい|84||0|0|0
815|environment|環境|400||0|0|0
816|environmental|環境の|396||0|0|0
817|envy|嫉妬|371||0|0|0
818|epidemic|伝染病|399||0|0|0
819|episode|（連続番組などの）１回分|362||0|0|0
820|epoch-making|画期的な|160||0|0|0
821|equal (形容詞)|等しい|51|95|0|0|0
822|equal (動詞)|…に等しい|156||0|0|0
823|equator （the ～）|赤道|399||0|0|0
824|equipment|装置|185||0|0|0
825|equivalent|等しい|7||0|0|0
826|era|時代|61||0|0|0
827|erect|…を建てる|218||0|0|0
828|error|間違い|94|198|0|0|0
829|erupt|噴火する|85||0|0|0
830|escape|逃れる|129||0|0|0
831|especially|特に|396||0|0|0
832|essay|作文|94||0|0|0
833|essential|必要不可欠な|79|346|0|0|0
834|establish|…を設立する|43||0|0|0
835|estate|遺産|15||0|0|0
836|esteem|尊敬の念|371||0|0|0
837|estimate|見積もり|386||0|0|0
838|eternal|永遠の|49||0|0|0
839|ethnic|民族の|151||0|0|0
840|evasion|回避|110||0|0|0
841|event|催し物|226||0|0|0
842|eventually|最終的に|352||0|0|0
843|evidence|証拠|383||0|0|0
844|evident|明らかな|300||0|0|0
845|evil|悪の|235||0|0|0
846|evolve|発達する|215||0|0|0
847|ex-|前の|407||0|0|0
848|exactly|まさしく|337||0|0|0
849|exaggerate|…を誇張する|406||0|0|0
850|exam|試験|286||0|0|0
851|examination|試験|256||0|0|0
852|examine|…を調べる|346||0|0|0
853|example|例|156||0|0|0
854|exceed|…を越える|246||0|0|0
855|excellent|素晴らしい|130||0|0|0
856|except|…を除いて|21||0|0|0
857|exceptional|例外的な|83||0|0|0
858|excess|過剰|212||0|0|0
859|excessive|過剰な|320||0|0|0
860|exchange（名詞）|交換|7|138|0|0|0
861|exchange（動詞）|…を交換する|195||0|0|0
862|excite|…を興奮させる|145||0|0|0
863|excited|興奮した|29||0|0|0
864|exclaim|叫ぶ|183||0|0|0
865|exclude|…を除外する|312||0|0|0
866|exclusively|もっぱら|124||0|0|0
867|excuse|言い訳|139||0|0|0
868|execute|…を処刑する|129||0|0|0
869|executive|重役|296||0|0|0
870|exercise|運動|76||0|0|0
871|exhaust|…を使い果たす|280||0|0|0
872|exhausted|くたくたに疲れた|381||0|0|0
873|exhibit|…を表に出す|111||0|0|0
874|exhibition|展示会|29||0|0|0
875|exist|存在する|214||0|0|0
876|existence|生存|214||0|0|0
877|expand|…を拡大する|317||0|0|0
878|expect|を予期する|172||0|0|0
879|expedition|探検旅行|188||0|0|0
880|expel|…を追放する|87||0|0|0
881|expenditure|歳出|157||0|0|0
882|expense|費用|95||0|0|0
883|expensive|高価な|37||0|0|0
884|experience|経験|50||0|0|0
885|experienced|経験を積んだ|380||0|0|0
886|experiment|実験|222||0|0|0
887|expert|専門家|337||0|0|0
888|explain|説明する|36|253|0|0|0
889|exploit|…を搾取する|353||0|0|0
890|explorer|探検家|188||0|0|0
891|explosion|爆発|215||0|0|0
892|export|…を輸出する|417||0|0|0
893|express|…を表現する|207||0|0|0
894|expression|表現|352|365|0|0|0
895|exquisite|実に見事な|58||0|0|0
896|extend|…を伸ばす|333||0|0|0
897|extensive|広範囲の|206||0|0|0
898|extent|程度|47||0|0|0
899|extinction|絶滅|193||0|0|0
900|extra|余分の|268||0|0|0
901|extract|…を引き出す|358||0|0|0
902|extraordinary|すごい|317||0|0|0
903|extreme|極度の|237||0|0|0
904|extremely|極度に|336||0|0|0
905|fable|寓話|141||0|0|0
906|face (動詞)|…に面する|136||0|0|0
907|-faced|…な顔をした|40||0|0|0
908|facility|施設|155||0|0|0
909|faction|派閥|73||0|0|0
910|factor|要素|213||0|0|0
911|factory|工場|70||0|0|0
912|faculty|能力|153||0|0|0
913|Fahrenheit|華氏|46||0|0|0
914|fail|うまく機能しない|267||0|0|0
915|failure|失敗，停止|200|339|0|0|0
916|fair|公正な|77||0|0|0
917|fairly|まずまず|177||0|0|0
918|faith|信頼|310||0|0|0
919|fake|偽物|313||0|0|0
920|fall|…になる|108||0|0|0
921|fame|有名であること|255||0|0|0
922|familiar|馴染みのある|194||0|0|0
923|famine|飢饉|344||0|0|0
924|far-reaching|広範囲にわたる|223||0|0|0
925|fare|料金|18||0|0|0
926|farewell|お別れ|288||0|0|0
927|fascinated|魅了された|29||0|0|0
928|fatal|致命的な|217||0|0|0
929|fate|運命|309||0|0|0
930|fatigue|疲労|34||0|0|0
931|fault|（失敗の）責任，欠点|230|366|0|0|0
932|favor|（親切心から）人にする行為|248|285|0|0|0
933|favorable|好都合な|262||0|0|0
934|favorite|最も気に入っている|163||0|0|0
935|FBI|米国連邦捜査局|292||0|0|0
936|feat|偉業|181||0|0|0
937|feature|特徴|238|387|0|0|0
938|fee|謝礼|199||0|0|0
939|feeble|弱々しい|412||0|0|0
940|feed|…に食べ物を与える|36||0|0|0
941|fellow|同僚の|66||0|0|0
942|female|雌の|36||0|0|0
943|feminist|男女同権主義の|231||0|0|0
944|festival|お祭り|99||0|0|0
945|feudal|封建制の|61||0|0|0
946|fiance|婚約者|37||0|0|0
947|field|畑|194||0|0|0
948|fierce|激しい|308||0|0|0
949|fight|…を戦う|161||0|0|0
950|fighter|戦闘機|393||0|0|0
951|figure|数字|177|198|0|0|0
952|fill|…を満たす|278||0|0|0
953|film|映画|239||0|0|0
954|finally|最後には|90|196|0|0|0
955|financial|金融の|336||0|0|0
956|fine (動詞)|…に罰金を課す|81||0|0|0
957|finger|指|44||0|0|0
958|fire (動詞)|…を首にする|86||0|0|0
959|fire engine|消防車|33||0|0|0
960|firearm|小型の火器|149||0|0|0
961|firm (形容詞)|しっかりとした|89||0|0|0
962|firm (名詞)|会社|65||0|0|0
963|fiscal|財政上の|71||0|0|0
964|fisherman|漁師|175||0|0|0
965|fit (形容詞)|体調がよい，適している|28|130|0|0|0
966|fit (動詞)|サイズが…に合う|25||0|0|0
967|fix|…を修理する|63||0|0|0
968|flat tire|パンクしたタイヤ|63||0|0|0
969|flatly|きっぱりと|52||0|0|0
970|flatter|…にお世辞を言う|167||0|0|0
971|flip|ひっくり返る|169||0|0|0
972|float|浮かぶ|145||0|0|0
973|flood|洪水|403||0|0|0
974|flourish|繁盛する|27||0|0|0
975|flow|流れる|85||0|0|0
976|flu|インフルエンザ|399||0|0|0
977|fluently|流暢に|120||0|0|0
978|fly|飛行機で行く|415||0|0|0
979|focus|焦点|153||0|0|0
980|fog|霧|121||0|0|0
981|fold|…を折りたたむ|184||0|0|0
982|folk|民衆の|141||0|0|0
983|follow|…に続く|173|357|0|0|0
984|following (形容詞)|次の|76||0|0|0
985|following (前置詞)|…の後に|393||0|0|0
986|foolish|愚かな|322||0|0|0
987|for (接続詞)|というのは…だからだ|84|275|0|0|0
988|for sure|確実な|313||0|0|0
989|forbid|…を禁ずる|122||0|0|0
990|force|…に強制する|355||0|0|0
991|forecast|予測|17||0|0|0
992|forecaster|予報士|246||0|0|0
993|forehead|額（ひたい）|46|69|0|0|0
994|foreign|外国の|51||0|0|0
995|foreman|工場長|70||0|0|0
996|foresee|…を予知・予見する|284||0|0|0
997|forgive|…を許す|326||0|0|0
998|form (名詞)|（書き込み）用紙|224||0|0|0
999|form (動詞)|…を形作る|240||0|0|0
1000|formal|公式な|226|324|0|0|0
1001|former|以前の|100|123|0|0|0
1002|former （the ～）|前者|406||0|0|0
1003|formerly|以前は|88||0|0|0
1004|formidable|非常に手強い|188||0|0|0
1005|formula|（数学・化学の）式|106||0|0|0
1006|fortunate|幸運な|112||0|0|0
1007|fortune|富|255||0|0|0
1008|fortune-teller|占い師|283||0|0|0
1009|forward|前方へ|373||0|0|0
1010|foster|育ての，里親の|259||0|0|0
1011|foul|汚い|132||0|0|0
1012|found|…を設立する|390||0|0|0
1013|founder|創始者|235||0|0|0
1014|fragile|脆弱な|364||0|0|0
1015|frantic|狂乱した|182||0|0|0
1016|fraud|不正|147||0|0|0
1017|freedom|自由|311||0|0|0
1018|freeway|高速道路|169||0|0|0
1019|freeze|凍る|385||0|0|0
1020|freight|貨物|54||0|0|0
1021|frequently|頻繁に|170||0|0|0
1022|fresh|新たな|383||0|0|0
1023|freshman|新入生|74||0|0|0
1024|friction|摩擦|370||0|0|0
1025|friendly|友好的な|369||0|0|0
1026|frighten|…を怖がらせる|254||0|0|0
1027|frightened|怖がっている|290||0|0|0
1028|frown|顔をしかめる|49||0|0|0
1029|frustrated|不満である|192||0|0|0
1030|fuel|燃料|216||0|0|0
1031|fulfill|…を果たす|401||0|0|0
1032|full|完全な|271||0|0|0
1033|full-time|全時間勤務の|3||0|0|0
1034|fully|完全に|93||0|0|0
1035|function|機能|382||0|0|0
1036|fund|基金|43||0|0|0
1037|fundamental|基本的な|389||0|0|0
1038|funny|面白い|152||0|0|0
1039|furious|かんかんに怒った|39||0|0|0
1040|furnish|…に備え付ける|58||0|0|0
1041|furniture|家具|58||0|0|0
1042|further|さらに先へ，それ以上の|346|374|0|0|0
1043|furthermore|その上さらに|89||0|0|0
1044|futile|無駄な|101||0|0|0
1045|gain|…を得る|393||0|0|0
1046|gamble|ギャンブルをする|127||0|0|0
1047|gangster|ギャングの一員|347||0|0|0
1048|garbage|ゴミ|320||0|0|0
1049|gather|…を集める|360||0|0|0
1050|gaze|じっと見つめる|186||0|0|0
1051|gene|遺伝子|238||0|0|0
1052|general （名詞）|将軍|129||0|0|0
1053|general （形容詞）|全般的・一般的な|212||0|0|0
1054|general manager|部長，室長，支店長|232||0|0|0
1055|general public （the ～）|一般大衆|308||0|0|0
1056|generally|一般的に|36||0|0|0
1057|generate|…を生み出す|400||0|0|0
1058|generation|世代|125||0|0|0
1059|genetic|遺伝子の|222||0|0|0
1060|genius|天才|181||0|0|0
1061|gentle|温厚な|375||0|0|0
1062|genuine|本物の|313||0|0|0
1063|geographical|地理的な|83||0|0|0
1064|geography|地理（学）|403||0|0|0
1065|get|…になる|26||0|0|0
1066|giant|巨人|317||0|0|0
1067|gifted|天賦の才能がある|350||0|0|0
1068|glad|嬉しい|42||0|0|0
1069|global|地球の|31||0|0|0
1070|globe （the ～）|地球|1||0|0|0
1071|gloomy|暗い|252||0|0|0
1072|glory|栄華|213||0|0|0
1073|go|…になる|27|331|0|0|0
1074|goal|目標|95|274|0|0|0
1075|good|利益|323||0|0|0
1076|good-natured|人の良い|369||0|0|0
1077|goods|商品|212|328|0|0|0
1078|goodwill|善意|281||0|0|0
1079|gorgeous|豪華な|37||0|0|0
1080|govern|…を統治する|295||0|0|0
1081|government|政府|104||0|0|0
1082|governor|知事|147||0|0|0
1083|grab|…をつかむ|249||0|0|0
1084|grade|成績|357||0|0|0
1085|gradual|徐々の|143||0|0|0
1086|graduate|卒業する|243||0|0|0
1087|grain|穀物，穀物の粒|17|419|0|0|0
1088|grant|助成金|340||0|0|0
1089|grasp|…をしっかりとつかむ|62||0|0|0
1090|grateful|感謝している|328||0|0|0
1091|gratitude|感謝の気持ち|207||0|0|0
1092|grave|非常に深刻な|219||0|0|0
1093|gravity|重力|393||0|0|0
1094|great grandfather|曾祖父|108||0|0|0
1095|greet|…を出迎える|14||0|0|0
1096|greeting|挨拶|195||0|0|0
1097|grief|深い悲しみ|111||0|0|0
1098|grieve|ひどく悲しむ|404||0|0|0
1099|grim|いかめしい|40||0|0|0
1100|grin|にっこり笑う|1||0|0|0
1101|groan|うめく|114||0|0|0
1102|groom|花婿|173||0|0|0
1103|gross|甚だしい|236||0|0|0
1104|ground|根拠，理由|216||0|0|0
1105|grow|…になる|116|267|0|0|0
1106|grown-up|大人|389||0|0|0
1107|growth|成長|177||0|0|0
1108|grudge|恨み|123||0|0|0
1109|grumble|愚痴を言う|174||0|0|0
1110|guarantee|…を保証する|389||0|0|0
1111|guard|警備員|6||0|0|0
1112|guess|…を推測する|3||0|0|0
1113|guest|客|287||0|0|0
1114|guest worker|外国人労働者|416||0|0|0
1115|guilty|有罪である|172|390|0|0|0
1116|gulp|一気に飲むこと|30||0|0|0
1117|gunboat|戦艦|175||0|0|0
1118|guy|男|413||0|0|0
1119|gymnast|体操選手|241||0|0|0
1120|habit|習慣|409||0|0|0
1121|hand (動詞)|…を手渡す|125||0|0|0
1122|handle|…を扱う|140||0|0|0
1123|hangover|二日酔い|395||0|0|0
1124|harass|…をしつこく困らせる|242||0|0|0
1125|harbor|港|54||0|0|0
1126|hard-working|勤勉な|160||0|0|0
1127|hardly|ほとんど…なく|357||0|0|0
1128|hardship|苦難|157||0|0|0
1129|harm|危害|323||0|0|0
1130|harsh|厳しい|339||0|0|0
1131|harvest|収穫|17||0|0|0
1132|haste|急ぐこと|365||0|0|0
1133|hastily|急いで|147||0|0|0
1134|hate|…が大嫌いだ|276||0|0|0
1135|hatred|強い嫌悪|370||0|0|0
1136|head (動詞)|向かう|164||0|0|0
1137|headquarters|本部，本社|78||0|0|0
1138|heal|治る|332||0|0|0
1139|health care|医療|53||0|0|0
1140|healthy|健康な|28||0|0|0
1141|heat|暑さ|356||0|0|0
1142|heater|暖房機|372||0|0|0
1143|heavily|（量・程度が）大きく|30|336|0|0|0
1144|heavy|量が多い|144||0|0|0
1145|heir|相続人|15||0|0|0
1146|hence|それゆえに|419||0|0|0
1147|herbal|薬草の|34||0|0|0
1148|heredity|遺伝|238||0|0|0
1149|heritage|文化的な遺産|125||0|0|0
1150|heroic|英雄的な|218||0|0|0
1151|hesitate|ためらう|248||0|0|0
1152|hesitation|ためらい|40||0|0|0
1153|hide|…を隠す|145|315|0|0|0
1154|high-calorie|高カロリーの|128||0|0|0
1155|high-ranking|高い階級の|71||0|0|0
1156|highly|とても|34||0|0|0
1157|hijacker|ハイジャック犯|292||0|0|0
1158|hinder|…を妨げる|305||0|0|0
1159|hire|…を雇う|86||0|0|0
1160|historian|歴史家|152||0|0|0
1161|historic|歴史的に重要な|412||0|0|0
1162|hold|（会などを）開く|288||0|0|0
1163|home|自宅へ|316||0|0|0
1164|homeland|祖国|414||0|0|0
1165|homeless|ホームレスの|43||0|0|0
1166|homework|宿題|329||0|0|0
1167|honest|正直な|118||0|0|0
1168|honestly|正直に|330||0|0|0
1169|horizon|地平線|284||0|0|0
1170|horrible|ひどい|8||0|0|0
1171|horror|ぞっとする思い|67||0|0|0
1172|hostage|人質|292||0|0|0
1173|hostile|敵意のある|73||0|0|0
1174|hostility|敵意|370||0|0|0
1175|House (the ～ )|（米国の）下院|221||0|0|0
1176|household|所帯の|116||0|0|0
1177|housewife|主婦|116||0|0|0
1178|housework|家事|359||0|0|0
1179|however (副詞)|しかし|17|150|0|0|0
1180|however (接続詞)|どれだけ…でも|281||0|0|0
1181|huge|巨大な|85||0|0|0
1182|human|人間の|389||0|0|0
1183|humble|控えめな|162||0|0|0
1184|humid|湿度の高い|356||0|0|0
1185|humiliate|…に恥をかかせる|377||0|0|0
1186|hunt|狩りをする，捜す|145||0|0|0
1187|hurry|急ぐこと|45||0|0|0
1188|hydrogen|水素|214||0|0|0
1189|hymn|賛美歌|72||0|0|0
1190|hypocrisy|偽善|152||0|0|0
1191|hypothesis|仮説|222||0|0|0
1192|i.e.|すなわち|213||0|0|0
1193|ideal|理想的な|282||0|0|0
1194|ignorance|無知|307||0|0|0
1195|ignore|…を無視する|263||0|0|0
1196|illegal|違法な|293||0|0|0
1197|illness|病気|124||0|0|0
1198|illustrate|…を具体的に説明する|106||0|0|0
1199|imaginary|架空の|59||0|0|0
1200|imaginative|想像力豊かな|59||0|0|0
1201|imagine|…を想像する|132||0|0|0
1202|imitate|…をまねる|229||0|0|0
1203|immediate|即座の|353||0|0|0
1204|immediately|ただちに|265||0|0|0
1205|immense|巨大な|218||0|0|0
1206|immigrant|移民|416||0|0|0
1207|imperial|帝国の|96||0|0|0
1208|implement|…を実行する|149||0|0|0
1209|implication|（将来的な）影響|223||0|0|0
1210|implicit|暗にほのめかされた|39||0|0|0
1211|imply|…をほのめかす|16||0|0|0
1212|import （名詞）|輸入|158||0|0|0
1213|import （動詞）|…を輸入する|417||0|0|0
1214|importance|重要性|125||0|0|0
1215|impose|…を課す|158||0|0|0
1216|impossible|不可能な|117||0|0|0
1217|impress|…を感心させる|206||0|0|0
1218|impression|印象|294||0|0|0
1219|impressive|素晴らしい|371||0|0|0
1220|improve|…を改善する|189||0|0|0
1221|improvement|改善|177||0|0|0
1222|imprudent|賢明でない|322||0|0|0
1223|impulse|衝動|55||0|0|0
1224|incentive|刺激|345||0|0|0
1225|incident|事件|99||0|0|0
1226|inclined|傾いた|418||0|0|0
1227|including|…を含め|155|344|0|0|0
1228|income|収入|91||0|0|0
1229|increase （動詞）|…を増加させる|137||0|0|0
1230|increase （名詞）|増加|187||0|0|0
1231|incredible|信じられない|368||0|0|0
1232|indeed|実のところ|272||0|0|0
1233|independence|独立|99||0|0|0
1234|independent|独立した|104||0|0|0
1235|indicate|…を示す|386||0|0|0
1236|indifferent|無関心である|278||0|0|0
1237|indignant|憤慨した|230||0|0|0
1238|indispensable|必要不可欠な|84||0|0|0
1239|induce|…を引き起こす|124||0|0|0
1240|indulge|…を甘やかす|311||0|0|0
1241|industrial|産業の，工業の|417||0|0|0
1242|industry|産業，業界|157|305|0|0|0
1243|inevitable|避けられない|380||0|0|0
1244|infant|幼児|102||0|0|0
1245|inferior|劣っている|357||0|0|0
1246|infinite|無限の|102||0|0|0
1247|inflexible|融通の利かない|97||0|0|0
1248|influence|影響|76||0|0|0
1249|inform|…に知らせる|196|407|0|0|0
1250|information|情報|82||0|0|0
1251|informer|情報提供者|32||0|0|0
1252|ingenious|創意工夫のある|376||0|0|0
1253|inherit|…を相続する|15||0|0|0
1254|initial|当初の|17||0|0|0
1255|injection|注射|57||0|0|0
1256|injure|…を傷つける|392||0|0|0
1257|injury|負傷|241||0|0|0
1258|injustice|不公正|236||0|0|0
1259|innocent|無実の|390||0|0|0
1260|innovative|革新的な|83||0|0|0
1261|innumerable|数え切れないほど多くの|239||0|0|0
1262|inquire|尋ねる|209||0|0|0
1263|inquiry|問い合わせ|196||0|0|0
1264|insane|気が狂った|132||0|0|0
1265|insect|昆虫|410||0|0|0
1266|insist|主張・要求する|138|227|0|0|0
1267|inspire|…を生じさせる|152||0|0|0
1268|install|…を取り付ける|64||0|0|0
1269|instead|その代わりに|90||0|0|0
1270|instinct|本能|322||0|0|0
1271|institute|研究所|31||0|0|0
1272|institution|機関|336||0|0|0
1273|instruct|…に指示する|265||0|0|0
1274|instruction|指示|38||0|0|0
1275|instrument|道具，計器|200||0|0|0
1276|insult|侮辱|39||0|0|0
1277|insurance|保険|27||0|0|0
1278|intellectually|知的・知能面で|357||0|0|0
1279|intelligence|知能|357||0|0|0
1280|intend|…を意図する|99||0|0|0
1281|intensely|激しく|233||0|0|0
1282|intention|意志|296||0|0|0
1283|interest|利子|126||0|0|0
1284|interfere|干渉する|247||0|0|0
1285|internal|内部の|73||0|0|0
1286|international|国際的な|334||0|0|0
1287|Internet|インターネット|1||0|0|0
1288|interpreter|通訳者|371||0|0|0
1289|interrupt|…の邪魔をする|110||0|0|0
1290|intersection|交差点|233||0|0|0
1291|intervene|介入する|201||0|0|0
1292|interview （名詞）|面接|134||0|0|0
1293|interview （動詞）|…にインタビューをする|388||0|0|0
1294|intimidate|…を威嚇する|62||0|0|0
1295|introduce|…を導入する，…紹介する|153|405|0|0|0
1296|intrude|侵害する|247||0|0|0
1297|intuition|直感|322||0|0|0
1298|invade|…に侵入する|158||0|0|0
1299|invent|…を発明する|160||0|0|0
1300|invest|投資する|336||0|0|0
1301|investigate|調査する|147||0|0|0
1302|invisible|目に見えない|419||0|0|0
1303|involve|…を巻き込む|147||0|0|0
1304|irony|皮肉|365||0|0|0
1305|irrigation|灌漑|194||0|0|0
1306|irritated|いらだった|233||0|0|0
1307|island|島|175||0|0|0
1308|isolated|孤立した|344||0|0|0
1309|issue|問題|396||0|0|0
1310|item|項目|198||0|0|0
1311|ivory|象牙|122||0|0|0
1312|janitor|用務員|86||0|0|0
1313|Japanese （the ～）|日本人|80||0|0|0
1314|jealous|うらやんでいる|351||0|0|0
1315|jewel|宝石|37||0|0|0
1316|join|…に加わる|103||0|0|0
1317|joy|喜び|159||0|0|0
1318|joyful|とても楽しい|41||0|0|0
1319|judge (名詞)|裁判官|378||0|0|0
1320|judge (動詞)|判断する|176||0|0|0
1321|judicial|司法の|390||0|0|0
1322|jury|陪審（員団）|172||0|0|0
1323|just (形容詞)|公正な|77||0|0|0
1324|justify|…を正当化する|139||0|0|0
1325|juvenile|青少年の|87||0|0|0
1326|delinquent|法律違反者|87||0|0|0
1327|keen|関心が強い|413||0|0|0
1328|kid (名詞)|子供|59|237|0|0|0
1329|kid (動詞)|からかう|300||0|0|0
1330|kidnapper|誘拐犯|182||0|0|0
1331|kindergarten|幼稚園|41||0|0|0
1332|kingdom|王国|129||0|0|0
1333|kitten|子猫|113||0|0|0
1334|knee|ひざ|241||0|0|0
1335|knowledge|知識|206||0|0|0
1336|labor|労働|345||0|0|0
1337|laboratory|実験室|106||0|0|0
1338|lack|欠如|255||0|0|0
1339|lament|嘆く|326||0|0|0
1340|lamppost|街灯柱|279||0|0|0
1341|land|土地|164||0|0|0
1342|landowner|地主|178||0|0|0
1343|landscape|風景|204||0|0|0
1344|language|言語|132|361|0|0|0
1345|lapel|前襟の折り返し|62||0|0|0
1346|late|亡くなった，遅くまで|4|250|0|0|0
1347|lately|最近|26|383|0|0|0
1348|latest|最新の|187||0|0|0
1349|latter|後者|406||0|0|0
1350|launch|打ち上げ|168||0|0|0
1351|laundry|洗濯物|359||0|0|0
1352|lava|溶岩|85||0|0|0
1353|law|法律|97||0|0|0
1354|lawmaker|立法府の議員|149||0|0|0
1355|lawyer|弁護士|44||0|0|0
1356|lay|…を横たえる|36||0|0|0
1357|lazy|怠惰な|26||0|0|0
1358|leadership|指導陣，指導力|53|260|0|0|0
1359|leak|漏れる|60||0|0|0
1360|leap|跳ぶ|186||0|0|0
1361|learn|…を知る|111||0|0|0
1362|least|最小限|400||0|0|0
1363|least|最も…でない|400||0|0|0
1364|leave|…を…のままにしておく|43|265|0|0|0
1365|lecture|講義|276||0|0|0
1366|lecturer|（大学の）講師|253||0|0|0
1367|leg|脚|392||0|0|0
1368|legend|伝説|141||0|0|0
1369|legislation|法律|149||0|0|0
1370|legitimate|合法な|293||0|0|0
1371|lend|…に…を貸す|126||0|0|0
1372|length|長さ|12||0|0|0
1373|less|より…でない，より少ない|213|365|0|0|0
1374|liar|嘘つき|225||0|0|0
1375|licens|免許（証）|81||0|0|0
1376|lie (名詞)|嘘|291||0|0|0
1377|lie (動詞)|横たわる|211|370|0|0|0
1378|lift|…を持ち上げる|392||0|0|0
1379|light (動詞)|…に火をつける|105||0|0|0
1380|-like|…のような|234||0|0|0
1381|likely|可能性が高い|154||0|0|0
1382|likewise|同様に|125||0|0|0
1383|limited|限られた|280||0|0|0
1384|limo|リムジン|373||0|0|0
1385|linguistic|言語の|120||0|0|0
1386|liquid|液体|30||0|0|0
1387|literary|文学の|319|361|0|0|0
1388|literature|文学|74||0|0|0
1389|lively|元気の良い|41||0|0|0
1390|living|生きている|214||0|0|0
1391|lizard|トカゲ|12||0|0|0
1392|load (名詞)|荷物|392||0|0|0
1393|load (動詞)|…に積む|169||0|0|0
1394|lobby|玄関広間|166||0|0|0
1395|local|地方の|340||0|0|0
1396|locally|当地で|109||0|0|0
1397|locate|（建物などを）置く|118||0|0|0
1398|lonely|孤独な|184||0|0|0
1399|long (副詞)|長い間|305||0|0|0
1400|long-term|長期にわたる|124||0|0|0
1401|longevity|長寿|108||0|0|0
1402|loose|ぐらぐらした|4||0|0|0
1403|Lord|（キリスト教の）主|72||0|0|0
1404|lose|…を失う，（試合に）負ける|128|388|0|0|0
1405|loss|失うこと|267||0|0|0
1406|loud|大きな音・声で|290||0|0|0
1407|loudly|大きな音・声で|241||0|0|0
1408|low|低い|387||0|0|0
1409|lower (動詞)|…を下げる|385||0|0|0
1410|loyal|忠実な|14||0|0|0
1411|luggage|荷物|107||0|0|0
1412|lumber|木材|122||0|0|0
1413|lung|肺|57||0|0|0
1414|luxury|贅沢（品）|348||0|0|0
1415|machinery|機械類|417||0|0|0
1416|mad|頭がおかしい|331||0|0|0
1417|magazine|雑誌|27||0|0|0
1418|magnitude|規模|275||0|0|0
1419|mail|…を投函する|267||0|0|0
1420|main|主要な|95||0|0|0
1421|mainly|主に|76||0|0|0
1422|maintain|…をだと主張する，…を維持する|236|293|0|0|0
1423|majestic|威厳のある|393||0|0|0
1424|major (形容詞)|主要な|7|321|0|0|0
1425|major (動詞)|専攻する|74||0|0|0
1426|majority|大半|193||0|0|0
1427|male|男|180||0|0|0
1428|malicious|悪意のある|123||0|0|0
1429|malpractice|医療過誤|318||0|0|0
1430|mammal|ほ乳動物|36||0|0|0
1431|management|経営（陣）|27|251|0|0|0
1432|manager|課長，部長|271||0|0|0
1433|manner|やり方，作法|324||0|0|0
1434|... mannered|…に振る舞っている|242||0|0|0
1435|mansion|大邸宅|58||0|0|0
1436|manual|手引き書|38||0|0|0
1437|manually|手動で|200||0|0|0
1438|manufacture|…を製造する|65||0|0|0
1439|manufacturer|製造業者|301||0|0|0
1440|march|行進|220||0|0|0
1441|margin|差|181||0|0|0
1442|market|市場|177||0|0|0
1443|marriage|結婚|418||0|0|0
1444|marry|…と結婚する|44||0|0|0
1445|Mars|火星|240||0|0|0
1446|marvelous|素晴らしい|25||0|0|0
1447|masses （the ～）|大衆|213||0|0|0
1448|massive|巨大な|215||0|0|0
1449|master|修士号|19||0|0|0
1450|masterpiece|傑作|325||0|0|0
1451|match (名詞)|試合|388||0|0|0
1452|match (動詞)|…に合う|25||0|0|0
1453|material|材料|417||0|0|0
1454|matter （名詞）|事柄，（問題の）原因|260|356|0|0|0
1455|matter (動詞)|重要である|277||0|0|0
1456|maximum|最大限［最高］の|246||0|0|0
1457|maybe|たぶん|200||0|0|0
1458|mayor|市長|151||0|0|0
1459|meal|食事|128||0|0|0
1460|mean (形容詞)|意地悪な|252||0|0|0
1461|mean (動詞)|…を意味する|254|274|0|0|0
1462|meaning|意味|106||0|0|0
1463|means|手段|266||0|0|0
1464|measure|措置|143||0|0|0
1465|medical|医学の|217||0|0|0
1466|medicine|薬，医学|57||0|0|0
1467|medieval|中世の|342||0|0|0
1468|Mediterranean|地中海|164||0|0|0
1469|meek|おとなしくて従順な|252||0|0|0
1470|meet|（要求を）満たす|92||0|0|0
1471|memorial|記念碑|218||0|0|0
1472|memorize|…を記憶する|35||0|0|0
1473|memory|記憶（力）|267||0|0|0
1474|mend|…を直す|60||0|0|0
1475|mental|精神［心］の，知的な|124|153|0|0|0
1476|mention|…について言及する|338||0|0|0
1477|merchandise|商品|397||0|0|0
1478|merchant|商人|239||0|0|0
1479|mercy|慈悲|377||0|0|0
1480|mere|単なる|39||0|0|0
1481|merely|単に|86||0|0|0
1482|merry|楽しい|41|210|0|0|0
1483|mess （a ～）|散らかった状態|48||0|0|0
1484|method|手法|376||0|0|0
1485|micro-|ミクロの|419||0|0|0
1486|microscope|顕微鏡|419||0|0|0
1487|microwave (oven)|電子レンジ|372||0|0|0
1488|middle-aged|中年の|259||0|0|0
1489|midnight|午前零時|250||0|0|0
1490|might|…かもしれない|242||0|0|0
1491|mildly|穏やかに|335||0|0|0
1492|military|軍隊の|155||0|0|0
1493|mill|製造所|51||0|0|0
1494|million|百万|219||0|0|0
1495|millionaire|百万長者|15||0|0|0
1496|mind|…に差し支えがある，…に気をつける|126|314|0|0|0
1497|miner|鉱山労働者|88||0|0|0
1498|minister|大臣|308||0|0|0
1499|ministry|省|56||0|0|0
1500|minor|重要でない|201||0|0|0
1501|minority|少数派|95||0|0|0
1502|minute (形容詞)|非常に細かな|346||0|0|0
1503|mischievous|いたずら好きな|335||0|0|0
1504|miserable|悲惨な|407||0|0|0
1505|misery|悲惨な状態|208||0|0|0
1506|misfortune|不運|283||0|0|0
1507|misgiving|心配|278||0|0|0
1508|miss|…に乗り遅れる|316||0|0|0
1509|missing|行方不明の|109|198|0|0|0
1510|missionary|宣教師|281||0|0|0
1511|mistake|間違い|245||0|0|0
1512|mistaken|間違った|42||0|0|0
1513|mob|群衆|236||0|0|0
1514|mobile phone|携帯電話|327||0|0|0
1515|mock|…を馬鹿にする|80||0|0|0
1516|mode|方法|136||0|0|0
1517|moderate|適度な|76||0|0|0
1518|modest|並の|317||0|0|0
1519|modify|…を修正する|136||0|0|0
1520|mom|ママ|238|349|0|0|0
1521|moment|瞬間|209||0|0|0
1522|monarch|君主|129||0|0|0
1523|monotonous|単調な|116||0|0|0
1524|monster|化け物|146||0|0|0
1525|moral|道徳規準|369||0|0|0
1526|moreover|その上さらに|400||0|0|0
1527|mortgage|（住宅）ローン|91||0|0|0
1528|most （副詞）|極めて|125||0|0|0
1529|most （代名詞）|大半|178||0|0|0
1530|mostly|大部分は，大半は|158||0|0|0
1531|motorcycle|バイク|98||0|0|0
1532|motorist|車の運転者|121||0|0|0
1533|mountaineer|登山家|401||0|0|0
1534|move|引っ越しをする|5||0|0|0
1535|mph|時速…マイル|81||0|0|0
1536|Mr. Right|理想の男性|42||0|0|0
1537|Ms.|…さん|298||0|0|0
1538|mud|泥|146||0|0|0
1539|multimedia|マルチメディア|317||0|0|0
1540|multinational|多国籍の|2||0|0|0
1541|multiply|…を掛ける［乗ずる］|156||0|0|0
1542|multitude|多数|370||0|0|0
1543|municipal|地方自治体の|104||0|0|0
1544|murder|殺人|131||0|0|0
1545|murmur|つぶやく|264||0|0|0
1546|muscle|筋肉|392||0|0|0
1547|muse|思いにふける|68||0|0|0
1548|Muslim|イスラム教徒|364||0|0|0
1549|mustn't|…してはいけない|381||0|0|0
1550|mutter|つぶやく|46||0|0|0
1551|mutual|相互の|370||0|0|0
1552|mysterious|不思議な|223||0|0|0
1553|mystery|謎，ミステリー|59||0|0|0
1554|myth|神話|141||0|0|0
1555|naked|裸の|419||0|0|0
1556|namely|つまり|387||0|0|0
1557|narrow-minded|心の狭い|369||0|0|0
1558|nasty|ひどい|326||0|0|0
1559|nation|国家，国民|80||0|0|0
1560|nationwide|全国規模の|65||0|0|0
1561|native|生まれ故郷の|164||0|0|0
1562|natural|当然である|347||0|0|0
1563|natural resources|天然資源|280||0|0|0
1564|naughty|やんちゃな|171||0|0|0
1565|navy|海軍|96||0|0|0
1566|nearly|ほぼ|81||0|0|0
1567|necessarily|必然的に|357||0|0|0
1568|necessity|必要性|137||0|0|0
1569|needs|必要なもの，ニーズ|92||0|0|0
1570|needy|困窮した|191||0|0|0
1571|negative|マイナスの|387||0|0|0
1572|neglect|…を怠る|352||0|0|0
1573|negotiation|交渉|343||0|0|0
1574|negotiator|交渉（担当）者|343||0|0|0
1575|neighbor|近所の人|158|369|0|0|0
1576|neighborhood|近所，特定の地区|5||0|0|0
1577|neither|どちらも…ない|161|362|0|0|0
1578|nerve|神経|49||0|0|0
1579|nervous|緊張して|134||0|0|0
1580|neutral|中立の|145||0|0|0
1581|nevertheless|それにもかかわらず|377||0|0|0
1582|New Year|正月，新年|41||0|0|0
1583|newly|新しく|153||0|0|0
1584|nightmare|悪夢|146||0|0|0
1585|nobody|誰も…ない|49||0|0|0
1586|none|どれ［誰］も…ない|89|275|0|0|0
1587|nor|また…も～ない|61||0|0|0
1588|normally|通常は|10||0|0|0
1589|note|メモ|328||0|0|0
1590|noted|有名な|141||0|0|0
1591|notice|気づく|170||0|0|0
1592|notify|…に知らせる|296||0|0|0
1593|notion|考え|303||0|0|0
1594|notwithstanding|…にもかかわらず|241||0|0|0
1595|novel (形容詞)|新奇な|148||0|0|0
1596|novel (名詞)|小説|319||0|0|0
1597|nowadays|近頃では|396||0|0|0
1598|nuance|微妙な差異|361||0|0|0
1599|nuclear|核（兵器）の|155||0|0|0
1600|nuisance|迷惑|84||0|0|0
1601|numerous|多数の|43||0|0|0
1602|nurse|看護士|180||0|0|0
1603|obey|…に従う|62|97|0|0|0
1604|object (名詞)|物体|234||0|0|0
1605|object (動詞)|反対の意思を表す|133||0|0|0
1606|objective|目的|266||0|0|0
1607|obligation|義務|230||0|0|0
1608|oblige|…に余儀なくさせる|263||0|0|0
1609|obliged|ありがたく思う|338||0|0|0
1610|obscure|あまり知られていない|313||0|0|0
1611|observe|…を目にする，…だと述べる，…を守る|223|278|0|0|0
1612|obsession|取り憑かれていること|413||0|0|0
1613|obstacle|障害|188||0|0|0
1614|obstinate|頑固な|307||0|0|0
1615|obstruct|…をふさぐ|169||0|0|0
1616|obtain|…を得る|374||0|0|0
1617|obvious|明らかな|198||0|0|0
1618|occasion|場合，行事|324||0|0|0
1619|occasionally|時折|363||0|0|0
1620|occupy|…を占領する|158||0|0|0
1621|occur|起きる|341|384|0|0|0
1622|-odd|…余りの|185||0|0|0
1623|odds|可能性|96||0|0|0
1624|offend|…の感情を害する|117||0|0|0
1625|offense|法律違反|97||0|0|0
1626|offer|…を差し出す|35|345|0|0|0
1627|office|仕事部屋|394||0|0|0
1628|officer|警官，役人|97||0|0|0
1629|official|役人|71||0|0|0
1630|offspring|子供|238||0|0|0
1631|omit|…を省略する|213||0|0|0
1632|once (接続詞)|一度…すると|282||0|0|0
1633|one (代名詞)|人|133|180|0|0|0
1634|oneself （副詞）|自分で，自ら|63|269|0|0|0
1635|onto|…の上へ|169||0|0|0
1636|opening night|初演の夜|185||0|0|0
1637|operate|…を操作する|200||0|0|0
1638|operation|運営，手術|136|302|0|0|0
1639|opinion|意見|397||0|0|0
1640|opponent|（対戦）相手|388||0|0|0
1641|opportunity|機会|95||0|0|0
1642|opposite|反対の|105||0|0|0
1643|oppression|抑圧|307||0|0|0
1644|optimistic|楽観的な|176||0|0|0
1645|order (名詞)|注文|1|199|0|0|0
1646|order (動詞)|…に命じる|198||0|0|0
1647|ordinary|普通の|202||0|0|0
1648|organ|器官|57||0|0|0
1649|organization|組織|77||0|0|0
1650|organize|…を組織する|109||0|0|0
1651|oriental|東洋の|206||0|0|0
1652|original|原文|361||0|0|0
1653|originally|当初は|131||0|0|0
1654|ornament|装飾品|112||0|0|0
1655|orphan|孤児|259||0|0|0
1656|others|他人|206||0|0|0
1657|otherwise|さもないと|265|392|0|0|0
1658|outcome|結果|52||0|0|0
1659|outdated|時代遅れの|305||0|0|0
1660|outlook|見通し|17||0|0|0
1661|outrage|激怒|151||0|0|0
1662|outside|外部の|344||0|0|0
1663|outstanding|とても優れている|243||0|0|0
1664|over|…の間ずっと，…をめぐって|24|90|0|0|0
1665|overcome|…を克服する|188||0|0|0
1666|overlook|…を見落とす|97||0|0|0
1667|overseas|海外に|80|228|0|0|0
1668|overwhelming|圧倒的な|96||0|0|0
1669|owe|…を借りている，…を負っている|126|207|0|0|0
1670|own (動詞)|…を所有する|192||0|0|0
1671|owner|所有者|70||0|0|0
1672|oxygen|酸素|214||0|0|0
1673|pace (動詞)|ゆっくり歩く|166||0|0|0
1674|package|…を包装する|320||0|0|0
1675|paddy field|水田|204||0|0|0
1676|pain|痛み|11|57|0|0|0
1677|paint (動詞)|…を描く|325||0|0|0
1678|painter|画家|325||0|0|0
1679|painting|絵画|313||0|0|0
1680|pal|友達|210||0|0|0
1681|pale|青ざめた|356||0|0|0
1682|panel|（計器）盤|200||0|0|0
1683|pant|息を切らす|114||0|0|0
1684|pants|ズボン|349||0|0|0
1685|paper|答案用紙，新聞|94|143|0|0|0
1686|paradox|逆説|365||0|0|0
1687|paragraph|段落|329||0|0|0
1688|pardon|許し|381||0|0|0
1689|parent|親|238||0|0|0
1690|park (動詞)|…を駐車する|33||0|0|0
1691|Parliament|議会|221||0|0|0
1692|part-time|アルバイトで|61||0|0|0
1693|partial|部分的な|323||0|0|0
1694|participate|参加する|220||0|0|0
1695|particular|好みがうるさい，特定の|135|233|0|0|0
1696|particularly|特に|209||0|0|0
1697|party|政党，一団，当事者|73|109|0|0|0
1698|pass|（判決を）言い渡す|378||0|0|0
1699|passenger|乗客|201||0|0|0
1700|passionate|熱のこもった|235||0|0|0
1701|past (形容詞)|過去の|179|339|0|0|0
1702|pathetic|悲しみを誘う|362||0|0|0
1703|patience|忍耐力|102|135|0|0|0
1704|patient (形容詞)|我慢強い|258||0|0|0
1705|patient (名詞)|患者|302||0|0|0
1706|pawnshop|質屋|112||0|0|0
1707|pay (名詞)|給料|19||0|0|0
1708|payment|支払い|345||0|0|0
1709|PC|パソコン|317||0|0|0
1710|peace|平和|220||0|0|0
1711|peaceful|平和な|101||0|0|0
1712|peasant|小作農|194||0|0|0
1713|peculiar|奇妙な|34||0|0|0
1714|peer|仲間|231||0|0|0
1715|penalty|刑罰|94||0|0|0
1716|penetrate|…に潜入する|145||0|0|0
1717|peninsula|半島|415||0|0|0
1718|per|１…当たり|122||0|0|0
1719|perfect|完璧な|241||0|0|0
1720|perfectly|完璧に|25||0|0|0
1721|perform|…を行う［果たす］|181||0|0|0
1722|performance|演技，演奏|241||0|0|0
1723|perhaps|たぶん|296||0|0|0
1724|period|期間|348||0|0|0
1725|perish|死ぬ|399||0|0|0
1726|permit|…に許可する|61||0|0|0
1727|perpetual|永続的な|148||0|0|0
1728|persist|あくまでも続ける|263||0|0|0
1729|person|人|9||0|0|0
1730|personal|個人の，個人的な|39||0|0|0
1731|personality|人格|375||0|0|0
1732|perspective|観点|150||0|0|0
1733|persuade|…を説得する|53||0|0|0
1734|pessimistic|悲観的な|176||0|0|0
1735|phase|局面|213||0|0|0
1736|phenomenon|現象|223||0|0|0
1737|philosopher|哲学者|141||0|0|0
1738|phone （名詞）|電話|119||0|0|0
1739|phone （動詞）|…に電話をかける|270||0|0|0
1740|photo|写真|159||0|0|0
1741|photocopy|コピーする|119||0|0|0
1742|photograph|写真|257||0|0|0
1743|phrase|句，言い回し|35||0|0|0
1744|physical|肉体［身体］的な|398||0|0|0
1745|physicist|物理学者|137||0|0|0
1746|piece|（（不可算名詞に用い））一つ|35||0|0|0
1747|pile|（物の）山|304||0|0|0
1748|pity|哀れみ|237||0|0|0
1749|place (名詞)|場所|48||0|0|0
1750|place (動詞)|…を置く|56||0|0|0
1751|planet|惑星|240||0|0|0
1752|plant|植物|337||0|0|0
1753|plastic|ビニール|304||0|0|0
1754|please (動詞)|…を喜ばせる|117|271|0|0|0
1755|pleased|喜んでいる|196||0|0|0
1756|pleasure|喜び|68||0|0|0
1757|pledge|誓い|127||0|0|0
1758|poet|詩人|350||0|0|0
1759|poetry|詩歌|350||0|0|0
1760|point|小数点|156||0|0|0
1761|poisonous|有毒な|387||0|0|0
1762|policy|政策|71||0|0|0
1763|polish|…を磨く|58||0|0|0
1764|polite|丁寧な|375||0|0|0
1765|political|政治の|216||0|0|0
1766|politician|政治家|308||0|0|0
1767|politics|政治|278||0|0|0
1768|pollution|公害|31||0|0|0
1769|ponder|じっくりと考える|105||0|0|0
1770|popular|人気のある|411||0|0|0
1771|popularity|人気|351||0|0|0
1772|populate|…に住む|399||0|0|0
1773|population|人口|100|416|0|0|0
1774|portion|部分|22||0|0|0
1775|position|位置，立場|83|133|0|0|0
1776|positive|プラスの|406||0|0|0
1777|possess|…を所有する|37||0|0|0
1778|possession|所有|149||0|0|0
1779|possible|可能な|83||0|0|0
1780|post-|…後の|370||0|0|0
1781|postage|郵便料金|360||0|0|0
1782|postal|郵便の|18||0|0|0
1783|postpone|…を延期する|394||0|0|0
1784|potential|潜在的な|219||0|0|0
1785|pound (名詞)|（（通貨））ポンド|63||0|0|0
1786|pound (動詞)|ガンガン叩く|395||0|0|0
1787|pour|…を注ぐ|315||0|0|0
1788|poverty|貧困|237||0|0|0
1789|power|強国，大国|412||0|0|0
1790|powerful|強力な|414||0|0|0
1791|practical|実践［実用］的な|376||0|0|0
1792|practice (名詞)|習慣的行為|320||0|0|0
1793|practice (動詞)|…の練習をする|47||0|0|0
1794|praise|…をほめる|77||0|0|0
1795|prank|いたずら|170||0|0|0
1796|pray|祈る|167||0|0|0
1797|precaution|予防措置|64||0|0|0
1798|precious|貴重な|404||0|0|0
1799|precise|正確な|384||0|0|0
1800|predict|…だと予想［予言］する|283||0|0|0
1801|prefer|…をより好む|276||0|0|0
1802|prejudice|偏見|307||0|0|0
1803|preliminary|予備的な|52||0|0|0
1804|premier|首相|143||0|0|0
1805|preoccupied|そのことだけで頭がいっぱいで|80||0|0|0
1806|prepare|準備をする|254||0|0|0
1807|prepared|準備ができている|182||0|0|0
1808|presence|（ある場所に）存在すること|111||0|0|0
1809|present (形容詞)|現在の，出席している|136|273|0|0|0
1810|present (動詞)|…に授与する|207||0|0|0
1811|preserve|…を維持［保持］する|125||0|0|0
1812|president|大統領|100||0|0|0
1813|presidential|大統領（職）の|14||0|0|0
1814|presume|…だと推定する|390||0|0|0
1815|pretend|…というふりをする|152||0|0|0
1816|prevail|勝る|363||0|0|0
1817|prevent|…を妨げる|33||0|0|0
1818|previous|前の|364||0|0|0
1819|price|値段|118|212|0|0|0
1820|pride|誇り，自慢|197||0|0|0
1821|priest|聖職者|162||0|0|0
1822|primary|第一の|266||0|0|0
1823|primary school|小学校|137||0|0|0
1824|prime|第一の|51||0|0|0
1825|primitive|原始的な|88||0|0|0
1826|principal (形容詞)|主要な|153||0|0|0
1827|principal (名詞)|校長|148||0|0|0
1828|principle|原理原則|390||0|0|0
1829|prior|事前の|398||0|0|0
1830|priority|優先（事項）|95||0|0|0
1831|prisoner|囚人|100||0|0|0
1832|private|私的な|59||0|0|0
1833|privilege|特権|348||0|0|0
1834|probably|おそらく|333||0|0|0
1835|problem|問題|148||0|0|0
1836|procedure|手続き|16||0|0|0
1837|proceed|先へと進む|346||0|0|0
1838|process (名詞)|過程|238||0|0|0
1839|process (動詞)|…を加工・処理する|78||0|0|0
1840|proclaim|…だと宣言する|334||0|0|0
1841|produce|…を生み出す|417||0|0|0
1842|product|製品|387||0|0|0
1843|productivity|生産性|345||0|0|0
1844|professor|教授|66||0|0|0
1845|profit|利益|336||0|0|0
1846|profitable|儲かる|402||0|0|0
1847|profound|深い|370||0|0|0
1848|program|計画，プログラム|153||0|0|0
1849|progress|進歩|179|305|0|0|0
1850|prohibit|…を禁じる|391||0|0|0
1851|project|計画，事業|65||0|0|0
1852|prolong|…を延長する|409||0|0|0
1853|prominent|目立った|213||0|0|0
1854|promise|約束|282||0|0|0
1855|promising|（将来）有望な|179||0|0|0
1856|promote|…を昇進させる，…を促進する|232|262|0|0|0
1857|promotion|昇進|345||0|0|0
1858|promptly|迅速に|328||0|0|0
1859|proof|証拠|367||0|0|0
1860|proper|適切な|11||0|0|0
1861|properly|適切に|382||0|0|0
1862|property|土地と建物|336||0|0|0
1863|proportion|割合，比率|345||0|0|0
1864|proposal|提案|251||0|0|0
1865|propose|…を申し出る［提案する］|173|406|0|0|0
1866|proposition|提案，事柄|346|402|0|0|0
1867|prospect|見通し|142||0|0|0
1868|prosperity|成功，繁栄|80||0|0|0
1869|protect|…を保護する|193||0|0|0
1870|protest|…に抗議する|236||0|0|0
1871|proud|誇り［自慢］に思う|120||0|0|0
1872|prove|…を証明する|390||0|0|0
1873|provide|…に与える|32||0|0|0
1874|province|州，省|416||0|0|0
1875|provincial|地方の|243||0|0|0
1876|provoke|…を引き起こす|151||0|0|0
1877|psychiatrist|精神科医|124||0|0|0
1878|psychological|心理的［精神的］な|332||0|0|0
1879|psychology|心理|213||0|0|0
1880|public|公的な，公共の|92|157|0|0|0
1881|puddle|水たまり|186||0|0|0
1882|puff|ぜいぜいと息を切らす|114||0|0|0
1883|pull up|（車が）止まる|144||0|0|0
1884|punch|…にパンチを食らわす|315||0|0|0
1885|punctual|時間［期限］をきちんと守る|10||0|0|0
1886|punish|…を罰する|242||0|0|0
1887|pupil|児童|153|335|0|0|0
1888|puppy|子犬|113||0|0|0
1889|purchase|…を買う|98||0|0|0
1890|purpose|目的|358||0|0|0
1891|purse|ハンドバッグ|79||0|0|0
1892|pursue|…を追い求める|95||0|0|0
1893|quake|地震|43||0|0|0
1894|qualification|資格|19||0|0|0
1895|quality|品質|137||0|0|0
1896|quarrel|口論する|201||0|0|0
1897|quarter|四半期，15分|177|299|0|0|0
1898|quit|…をやめる|3|276|0|0|0
1899|quiver|震える|398||0|0|0
1900|quote|…のことばを引用する|176||0|0|0
1901|race|人種，民族|92||0|0|0
1902|racism|人種差別|77||0|0|0
1903|radical|急進的な|53||0|0|0
1904|rage|激怒|314||0|0|0
1905|railroad|鉄道|144||0|0|0
1906|rainy|雨降りの|60||0|0|0
1907|raise (動詞)|…を上げる，…を育てる|18|311|0|0|0
1908|raise (名詞)|給料のアップ|19||0|0|0
1909|rally|政治集会|216||0|0|0
1910|ransom|身代金|182||0|0|0
1911|rapidly|速く|202||0|0|0
1912|rare|まれな|217||0|0|0
1913|rarely|めったに…しない|359||0|0|0
1914|rate|率，料金|7|18|0|0|0
1915|rather|かなり|117|260|0|0|0
1916|rational|合理的な|303||0|0|0
1917|raw|生の|417||0|0|0
1918|ray|光線|284||0|0|0
1919|reach|…に達する|12||0|0|0
1920|react|反応する|314||0|0|0
1921|ready|準備が出来ている|174||0|0|0
1922|real|本物の|313||0|0|0
1923|reality|現実|339|379|0|0|0
1924|realize|…に気がついている|209||0|0|0
1925|really|非常に|12||0|0|0
1926|reason|理由|251||0|0|0
1927|recall|…を思い出す|307||0|0|0
1928|receive|…を受け取る|1||0|0|0
1929|recent|最近の|196||0|0|0
1930|recently|最近|19||0|0|0
1931|recession|不況|385||0|0|0
1932|reckless|向こう見ずな|81||0|0|0
1933|recognize|…だとわかる，…を認める|13|350|0|0|0
1934|recommend|…を勧める|190||0|0|0
1935|reconcile|…を和解［調和］させる|73|311|0|0|0
1936|recover|回復する|180||0|0|0
1937|recycle|…をリサイクルする|65||0|0|0
1938|reduce|…を減らす|18|320|0|0|0
1939|redundant|無駄な繰り返しがある|384||0|0|0
1940|reference|参考|38||0|0|0
1941|refined|洗練された，上品な|132||0|0|0
1942|reflect|…を反映する|136||0|0|0
1943|reformer|改革者|53||0|0|0
1944|refrain|差し控える|354||0|0|0
1945|refugee|難民|191||0|0|0
1946|refuse|…を拒む|414||0|0|0
1947|regain|…を取り戻す|142||0|0|0
1948|regarding|…に関して|150||0|0|0
1949|regime|政治体制|82||0|0|0
1950|region|地域，地区|223|399|0|0|0
1951|regional|地域の|101||0|0|0
1952|register|…を示す，…を登録する|46|224|0|0|0
1953|regret|…を残念に思う［後悔する］|244|376|0|0|0
1954|regulation|規制|305||0|0|0
1955|reign|統治期間|239||0|0|0
1956|reject|…を拒絶する|52||0|0|0
1957|related|関係のある|342||0|0|0
1958|relationship|関係|293||0|0|0
1959|relative|親戚|112||0|0|0
1960|relatively|比較的に|118||0|0|0
1961|release|…を解放する，…を発表する|182|191|0|0|0
1962|relevant|関連のある|224||0|0|0
1963|reliable|信頼できる|344||0|0|0
1964|relief|救済，安堵|43|67|0|0|0
1965|relieve|…を和らげる|271||0|0|0
1966|religion|宗教|235||0|0|0
1967|religious|信心深い|222||0|0|0
1968|reluctant|しぶしぶの|248||0|0|0
1969|remain|…のままである|273||0|0|0
1970|remainder|余り|156||0|0|0
1971|remark （名詞）|発言|151||0|0|0
1972|remark （動詞）|…だと述べる|319||0|0|0
1973|remarkable|際だった|120||0|0|0
1974|remedy|治療（法）|34||0|0|0
1975|remember|…を覚えている|133||0|0|0
1976|remind|…に思い出させる|159|267|0|0|0
1977|remove|…を取り除く|302|410|0|0|0
1978|rent|…を賃借する|192||0|0|0
1979|repair （動詞）|…を修理する|63||0|0|0
1980|repair （名詞）|修理|233||0|0|0
1981|repeat|…を繰り返す|98||0|0|0
1982|replace|…を交換する|301||0|0|0
1983|reply （動詞）|返答をする|330||0|0|0
1984|reply （名詞）|返答|358||0|0|0
1985|report card|成績表|257||0|0|0
1986|reporter|記者|373||0|0|0
1987|representative|代表者|343||0|0|0
1988|reproach|非難|139||0|0|0
1989|republic|共和国|370||0|0|0
1990|reputation|評判|142||0|0|0
1991|request|依頼|98||0|0|0
1992|request|…を依頼する|191||0|0|0
1993|require|…を要求する|228||0|0|0
1994|rescue|救助|109||0|0|0
1995|research|研究|203||0|0|0
1996|resemble|…に似ている|175||0|0|0
1997|resent|…に憤慨する|222||0|0|0
1998|reserve|…を予約する|93||0|0|0
1999|resident|居住者|154||0|0|0
2000|resign|辞任する|355||0|0|0
2001|resist|…に抵抗する|336||0|0|0
2002|resistance|抵抗|380||0|0|0
2003|resolve|…を固く決意する，…を解決する|98|347|0|0|0
2004|resort|（よくない手段に）訴える|347||0|0|0
2005|resource|資金|191||0|0|0
2006|respect （動詞）|…を尊敬する|137||0|0|0
2007|respect （名詞）|尊敬|397||0|0|0
2008|respectively|それぞれ（順に）|342||0|0|0
2009|respond|反応する|139||0|0|0
2010|response|反応，応答|367||0|0|0
2011|responsibility|責任|271||0|0|0
2012|responsible|責任がある|113||0|0|0
2013|restore|…を元の状態に戻す|302||0|0|0
2014|restrict|…を制限する|121||0|0|0
2015|restriction|制限|158||0|0|0
2016|restructure|…を構築し直す|321||0|0|0
2017|result|結果|78||0|0|0
2018|retain|…を保持する|363||0|0|0
2019|retire|退職する|296||0|0|0
2020|retreat|退却する|414||0|0|0
2021|return|（評決を）下す，戻る，…にお返しをする|172|243|0|0|0
2022|reunion|再会|395||0|0|0
2023|reveal|…を明らかにする|101||0|0|0
2024|revenge|仕返し|407||0|0|0
2025|revenue|歳入|157||0|0|0
2026|reverse|…を逆転させる|143||0|0|0
2027|review|…を調べる|136||0|0|0
2028|revolt|暴動，反乱|216||0|0|0
2029|revolutionary|革命の|216||0|0|0
2030|reward|…に報いる|197||0|0|0
2031|ride|…に乗って移動する|28||0|0|0
2032|ridicule|…をあざける|367||0|0|0
2033|ridiculous|ばかげている|367||0|0|0
2034|right (形容詞)|正しい，ふさわしい|199|300|0|0|0
2035|right (名詞)|正しいこと，権利|335|389|0|0|0
2036|right-hand|右手の|327||0|0|0
2037|rigid|厳格な|391||0|0|0
2038|riot|暴動|236||0|0|0
2039|rise (名詞)|上昇|212||0|0|0
2040|rise (動詞)|上がる|18|85|0|0|0
2041|ritual|儀式|138||0|0|0
2042|rob|…から強奪する|79||0|0|0
2043|robbery|強盗|32||0|0|0
2044|rocky|岩［石］の|175||0|0|0
2045|role|役割|71||0|0|0
2046|room|余地|177||0|0|0
2047|root|根，根源|235||0|0|0
2048|rotten|腐った|183||0|0|0
2049|rough|荒れた|24||0|0|0
2050|roughly|大雑把に|417||0|0|0
2051|row|口論，列|90|246|0|0|0
2052|rude|無礼な|375||0|0|0
2053|rudeness|不作法|171||0|0|0
2054|ruin|…を台無しにする|364||0|0|0
2055|rule|規則|391||0|0|0
2056|ruler|支配者|266||0|0|0
2057|ruling (形容詞)|支配［統治］している|73||0|0|0
2058|ruling (名詞)|判決|236||0|0|0
2059|rumor|噂|123||0|0|0
2060|run|…を運営［経営］する|112||0|0|0
2061|rural|いなかの|204||0|0|0
2062|rush|ダッシュする|373||0|0|0
2063|sack|袋|169||0|0|0
2064|sacred|神聖な|342||0|0|0
2065|sacrifice|…を犠牲にする|218||0|0|0
2066|safe (名詞)|金庫|86||0|0|0
2067|safety|安全|16||0|0|0
2068|salaried|給料制の|385||0|0|0
2069|salary|給料|19||0|0|0
2070|same (the ～ )|同じこと|365||0|0|0
2071|sanction|制裁|158||0|0|0
2072|sarcastic|皮肉な|366||0|0|0
2073|satire|風刺|152||0|0|0
2074|satisfied|満足した|255||0|0|0
2075|saucer|受け皿|234||0|0|0
2076|savage|残忍な|266||0|0|0
2077|save|…を省く，…を救う|224|338|0|0|0
2078|saving|節約，貯金|178||0|0|0
2079|say (副詞)|例えば|396||0|0|0
2080|say (名詞)|発言権|295||0|0|0
2081|saying|ことわざ|368||0|0|0
2082|scandal|不祥事|355||0|0|0
2083|scar|傷跡|332||0|0|0
2084|scarcely|ほとんど…ない|376||0|0|0
2085|scare|…を怖がらせる|254||0|0|0
2086|scatter|…をまき散らす|304||0|0|0
2087|scenery|風景|204||0|0|0
2088|schedule|予定|226||0|0|0
2089|scheme|計画|406||0|0|0
2090|scholar|学者|66||0|0|0
2091|science|科学|137||0|0|0
2092|scientific|科学的な|367||0|0|0
2093|scientist|科学者|217||0|0|0
2094|scold|…を叱る|335||0|0|0
2095|score|点数|189||0|0|0
2096|scorn|軽蔑|366||0|0|0
2097|Scotland Yard|ロンドン警視庁|32||0|0|0
2098|scratch|…をひっかく|376||0|0|0
2099|scream|悲鳴を上げる|290||0|0|0
2100|sculpture|彫刻|29||0|0|0
2101|search|…を捜す|59||0|0|0
2102|second|秒|168||0|0|0
2103|secondary school|中等学校|137||0|0|0
2104|secretary|秘書|120||0|0|0
2105|Secretary （the ～）|長官|209||0|0|0
2106|section|部課|376||0|0|0
2107|see|…に診てもらう［相談する］|11||0|0|0
2108|seek|…を見つけようとする|116||0|0|0
2109|seem|…のようだ|29||0|0|0
2110|seize|…を拘束する|292||0|0|0
2111|seldom|めったに…しない|195||0|0|0
2112|selection|選ぶこと|104||0|0|0
2113|self-control|自制心|363||0|0|0
2114|self-interest|利己主義|231||0|0|0
2115|self-righteous|独善的な|130||0|0|0
2116|selfish|利己的な|225||0|0|0
2117|Senate （the ～）|上院|221||0|0|0
2118|senator|上院議員|278||0|0|0
2119|senior|（地位・ポストが）より上で|278|315|0|0|0
2120|sense (名詞)|…感，意味|34|303|0|0|0
2121|sense (動詞)|…を感じ取る|297||0|0|0
2122|sensible|理にかなった|148||0|0|0
2123|sensibly|賢明に|280||0|0|0
2124|sensitive|敏感な|396||0|0|0
2125|sentence|文，判決|35|378|0|0|0
2126|sentiment|感情|216||0|0|0
2127|separate|別々の|155||0|0|0
2128|separately|別々に|35||0|0|0
2129|sergeant|軍曹|40||0|0|0
2130|serious|深刻な|323||0|0|0
2131|sermon|説法|235||0|0|0
2132|servant|使用人|58||0|0|0
2133|serve|（飲食物を客に）出す|119||0|0|0
2134|session|会合|73||0|0|0
2135|settle|…に決着をつける|196||0|0|0
2136|several|いくつかの|85||0|0|0
2137|severely|厳しく|242||0|0|0
2138|sew|…を縫う|4||0|0|0
2139|sexism|性差別|77||0|0|0
2140|sexually|性的に|242||0|0|0
2141|shake|…を振る|14||0|0|0
2142|shame|残念なこと|272||0|0|0
2143|shape|…を形作る|71||0|0|0
2144|share|…を分かち合う|359||0|0|0
2145|sharply|鋭く|73||0|0|0
2146|shed|小屋|60||0|0|0
2147|shelter|避難所|289||0|0|0
2148|shepherd|羊飼い|72||0|0|0
2149|shine|輝く|58||0|0|0
2150|shirt|ワイシャツ|25||0|0|0
2151|shocked|ショックを受けた|193||0|0|0
2152|shop (動詞)|買い物をする|103||0|0|0
2153|shoplift|万引きをする|87||0|0|0
2154|shopper|買い物客|55||0|0|0
2155|short-term|短期的な|95||0|0|0
2156|shortly|すぐに|306||0|0|0
2157|shot|発砲|349||0|0|0
2158|shout|叫ぶ|285||0|0|0
2159|shower|にわか雨|289||0|0|0
2160|shrewd|明敏な|59||0|0|0
2161|shriek|甲高い叫び声|100||0|0|0
2162|shrine|神社|211||0|0|0
2163|shy|内気な|252||0|0|0
2164|side|側|151||0|0|0
2165|sigh|ため息をつく|325||0|0|0
2166|sight|見ること|180|319|0|0|0
2167|sightseeing|観光|144||0|0|0
2168|sign (名詞)|標識|121||0|0|0
2169|sign (動詞)|…に署名する|358||0|0|0
2170|signal|信号|249||0|0|0
2171|signature|署名|224||0|0|0
2172|silly|馬鹿な|341||0|0|0
2173|silo|格納庫|155||0|0|0
2174|similar|類似の|365||0|0|0
2175|similarly|同様に|157||0|0|0
2176|since|…なのだから|261||0|0|0
2177|sincere|誠実な|42||0|0|0
2178|single|独身の|227||0|0|0
2179|sink|沈む|324||0|0|0
2180|site|用地|104||0|0|0
2181|situation|状況|275|353|0|0|0
2182|size|大きさ|408||0|0|0
2183|skid|横滑りする|169||0|0|0
2184|skill|技能|56||0|0|0
2185|skillful|巧みな|96||0|0|0
2186|skip|（授業を）サボる|276||0|0|0
2187|slap|…をぴしゃりと叩く|258||0|0|0
2188|slaughter|…を虐殺する|239||0|0|0
2189|slave|奴隷|88||0|0|0
2190|sleepy|眠い|250||0|0|0
2191|sleeve|そで|290||0|0|0
2192|slice|一切れ|258||0|0|0
2193|slightly|少し|39||0|0|0
2194|slip|滑る|67||0|0|0
2195|slippery|滑りやすい|169||0|0|0
2196|sly|ずる賢い|183||0|0|0
2197|small hours （the ～）|真夜中過ぎ（の時間）|256||0|0|0
2198|smart|頭の良い|42||0|0|0
2199|smell|…なにおいがする|258||0|0|0
2200|smoke (動詞)|たばこを吸う|391||0|0|0
2201|smuggler|密輸者|122||0|0|0
2202|snarl|激しい口調で…と言う|291||0|0|0
2203|sneak|静かに歩く|170||0|0|0
2204|so-called|いわゆる|22||0|0|0
2205|soar|急上昇する|336||0|0|0
2206|sob|すすり泣く|404||0|0|0
2207|social|社会的［社交的］な|92|226|0|0|0
2208|socialism|社会主義|262||0|0|0
2209|society|社会|77|312|0|0|0
2210|sociology|社会学|253||0|0|0
2211|soil|土壌|154||0|0|0
2212|solar|太陽の|240||0|0|0
2213|soldier|兵士|180||0|0|0
2214|solemn|真剣な|127||0|0|0
2215|solid|確固とした|367||0|0|0
2216|solution|解決方法|101||0|0|0
2217|solve|…を解く|59||0|0|0
2218|some|およそ|211||0|0|0
2219|somehow|何とか|292||0|0|0
2220|somewhat|ある程度|175||0|0|0
2221|somewhere|どこかに|263||0|0|0
2222|sophisticated|洗練された|350||0|0|0
2223|sophomore|（大学の）２年生|74||0|0|0
2224|sorrow|悲しみ|159||0|0|0
2225|sound (動詞)|…に聞こえる|365||0|0|0
2226|source|源|344|400|0|0|0
2227|spacecraft|宇宙船|168||0|0|0
2228|spare|…をとりおく|48||0|0|0
2229|specialist|専門家|318||0|0|0
2230|species|種（しゅ）|193||0|0|0
2231|specific|特定の|217||0|0|0
2232|spectacular|壮観な|168||0|0|0
2233|spectator|観客|241||0|0|0
2234|speech|話|176||0|0|0
2235|speed (動詞)|スピードを出して走る|81|165|0|0|0
2236|speedy|迅速な|345||0|0|0
2237|spelling|綴り|94||0|0|0
2238|spill|…をこぼす|102|339|0|0|0
2239|splendid|素晴らしい|379||0|0|0
2240|split|…を分裂させる|73||0|0|0
2241|spoil|…をだめにする|311||0|0|0
2242|-spoken|…な話し方の|283||0|0|0
2243|spread|広がる|57||0|0|0
2244|square|広場|107||0|0|0
2245|stable|安定した|323||0|0|0
2246|staff|職員，スタッフ|185||0|0|0
2247|stage|舞台|185||0|0|0
2248|stairs|階段|28||0|0|0
2249|stand|…に耐える|410||0|0|0
2250|standard|水準|143||0|0|0
2251|stare|じっと見つめる|254||0|0|0
2252|startle|…をびくっとさせる|170||0|0|0
2253|starve|飢える|272||0|0|0
2254|state (名詞)|状態|394||0|0|0
2255|state (動詞)|…を明言する|389||0|0|0
2256|statement|発言|110||0|0|0
2257|States (the ～ )|アメリカ合衆国|403||0|0|0
2258|statesman|政治家|218||0|0|0
2259|statistics|統計|187||0|0|0
2260|statue|像|218||0|0|0
2261|status|地位|92||0|0|0
2262|stay|…のままである|28||0|0|0
2263|steady|着実な|179||0|0|0
2264|steal|…を盗む|86||0|0|0
2265|steel|鋼鉄|51||0|0|0
2266|steer|…を導く|284||0|0|0
2267|stepsister|異母［異父］姉妹|252||0|0|0
2268|stepson|義理の息子|15||0|0|0
2269|stimulating|刺激的な|116||0|0|0
2270|stormy|嵐のように激しい|283||0|0|0
2271|stout|肉付きの良い|163||0|0|0
2272|strain|負荷|392||0|0|0
2273|strange|奇妙な|309||0|0|0
2274|strategy|戦略|83||0|0|0
2275|streetcar|路面電車|201||0|0|0
2276|strengthen|強くなる|7||0|0|0
2277|stress|ストレス，抑圧|124||0|0|0
2278|strict|厳しい|171||0|0|0
2279|strictly|厳しく|391||0|0|0
2280|strife|争い|73||0|0|0
2281|strike|…を…の状態にする|168||0|0|0
2282|strive|懸命に努力する|401||0|0|0
2283|struggle|もがく|9||0|0|0
2284|stubborn|頑固な|418||0|0|0
2285|stuck|行き詰まって|329||0|0|0
2286|study|調査|191||0|0|0
2287|stumble|つまずく|69||0|0|0
2288|stupid|馬鹿な|291||0|0|0
2289|subject|話題，テーマ|110||0|0|0
2290|submission|屈服|412||0|0|0
2291|submissively|服従して|139||0|0|0
2292|submit|…を提出する|386||0|0|0
2293|substantial|かなりの|203||0|0|0
2294|subtle|かすかな|361||0|0|0
2295|suburb|郊外|5||0|0|0
2296|subway|地下鉄|18||0|0|0
2297|success|成功|83|351|0|0|0
2298|successful|成功している|188||0|0|0
2299|succession|連続|259||0|0|0
2300|such|そのような|8||0|0|0
2301|sudden|突然の|15||0|0|0
2302|suffer|（苦痛を）経験する|237||0|0|0
2303|suffering|苦痛|398||0|0|0
2304|sufficient|必要十分な|264||0|0|0
2305|suggest|…を提案［示唆］する|268|314|0|0|0
2306|suicide|自殺|142||0|0|0
2307|suit|…に合う|190||0|0|0
2308|suited|（仕事に）適した|50||0|0|0
2309|sum|金額|203||0|0|0
2310|summarize|…を要約する|22||0|0|0
2311|superb|素晴らしい|402||0|0|0
2312|superior|より優れている|397||0|0|0
2313|superpower|超大国|332||0|0|0
2314|superstition|迷信|367||0|0|0
2315|supervisor|監督者|242||0|0|0
2316|supply|供給|212||0|0|0
2317|support|支援|344||0|0|0
2318|supporter|支援者|14||0|0|0
2319|suppose|…ではないかと思う|301||0|0|0
2320|suppress|…を抑える|183||0|0|0
2321|Supreme Court （the ～）|最高裁判所|236||0|0|0
2322|surgeon|外科医|302||0|0|0
2323|surpass|…を越える|17||0|0|0
2324|surplus|余剰，黒字|386||0|0|0
2325|surrender|降伏する|414||0|0|0
2326|surround|…を取り囲む|355||0|0|0
2327|surroundings|環境|88||0|0|0
2328|surveillance|監視|64||0|0|0
2329|survey|調査|78||0|0|0
2330|survive|生き残る|321||0|0|0
2331|suspect (名詞)|容疑者|131||0|0|0
2332|suspect (動詞)|…ではないかと疑う|189||0|0|0
2333|suspected|疑いのある|20||0|0|0
2334|suspend|…を一時停止にする|81||0|0|0
2335|suspicious|疑っている|34||0|0|0
2336|sustain|…を維持する|264||0|0|0
2337|swallow|…を飲み込む|30||0|0|0
2338|swamp|沼地|154||0|0|0
2339|swear|ののしる|69||0|0|0
2340|sweat|汗|46||0|0|0
2341|swift|素早い|275||0|0|0
2342|sympathy|同情|208|231|0|0|0
2343|system|制度|390||0|0|0
2344|tactics|戦術|96||0|0|0
2345|take|…を必要とさせる|415||0|0|0
2346|tale|話|141||0|0|0
2347|talent|才能|325||0|0|0
2348|talks|交渉|52||0|0|0
2349|tap|…をポンと叩く|170||0|0|0
2350|task|仕事|50||0|0|0
2351|taste (名詞)|好み|190|368|0|0|0
2352|taste (動詞)|…な味がする|30||0|0|0
2353|tax|税金|91||0|0|0
2354|teachers' room|職員室|171||0|0|0
2355|tears|涙|331||0|0|0
2356|tease|…をからかう|252||0|0|0
2357|technology|科学技術|202||0|0|0
2358|teenage|十代の|229||0|0|0
2359|teens|十代|411||0|0|0
2360|telegram|電報|173||0|0|0
2361|telephone (動詞)|…に電話する|374||0|0|0
2362|temper|気性，気分|326||0|0|0
2363|temperature|温度，気温|246||0|0|0
2364|temple|寺|211||0|0|0
2365|temporarily|一時的に|132||0|0|0
2366|temptation|誘惑|336||0|0|0
2367|tense|緊張した|134||0|0|0
2368|term|専門用語|38||0|0|0
2369|terms|間柄，条件|195|358|0|0|0
2370|terrible|ひどい|90||0|0|0
2371|terrific|素晴らしい|90||0|0|0
2372|terrify|…を怯えさせる|146||0|0|0
2373|territory|領土|145||0|0|0
2374|terror|大きな恐怖|239||0|0|0
2375|terrorism|テロ|334||0|0|0
2376|testimony|証言|383||0|0|0
2377|textbook|教科書|212||0|0|0
2378|thank|…に感謝する|48||0|0|0
2379|theft|窃盗罪|32||0|0|0
2380|theme|テーマ|163||0|0|0
2381|theory|理論|215||0|0|0
2382|therefore|それゆえに|357||0|0|0
2383|thermometer|温度計|46||0|0|0
2384|thesis|論文|213||0|0|0
2385|thick|濃密な|30||0|0|0
2386|think tank|シンク・タンク|386||0|0|0
2387|Third World （the ～）|第三世界|272||0|0|0
2388|thorough|完全な|412||0|0|0
2389|those|人々|273||0|0|0
2390|though|…だが|365||0|0|0
2391|thought|考え|264||0|0|0
2392|thoughtful|思いやりがある|338||0|0|0
2393|threat|脅威|334||0|0|0
2394|threaten|…を脅す|292||0|0|0
2395|throat|喉|134|330|0|0|0
2396|throne|王位|129||0|0|0
2397|thunder|雷鳴|289||0|0|0
2398|thus|それ故に|337||0|0|0
2399|ticket|切符|115||0|0|0
2400|tie|ネクタイ|135||0|0|0
2401|tightly|しっかりと|290||0|0|0
2402|till|…までずっと|256||0|0|0
2403|times|時代|342||0|0|0
2404|timid|臆病な|260||0|0|0
2405|tiny|とても小さい|175||0|0|0
2406|tired|疲れた|381||0|0|0
2407|tiring|疲れるような|102||0|0|0
2408|toast|乾杯|173||0|0|0
2409|toddler|よちよち歩きの赤ん坊|67||0|0|0
2410|toil|つらい労働をする|194||0|0|0
2411|token|しるし|37||0|0|0
2412|tolerate|…を許容する|320||0|0|0
2413|tone|調子|230||0|0|0
2414|tool|道具|60||0|0|0
2415|torture|…を拷問にかける|377||0|0|0
2416|total|完全な|394||0|0|0
2417|totally|完全に|303||0|0|0
2418|tough|困難な|343||0|0|0
2419|tourist|観光客|144||0|0|0
2420|toward|…に向かって|284||0|0|0
2421|trace|跡形|107||0|0|0
2422|trade|貿易|386||0|0|0
2423|tradition|伝統|342||0|0|0
2424|traditional|伝統的な|125||0|0|0
2425|traffic|往来|144||0|0|0
2426|traffic jam|交通渋滞|233||0|0|0
2427|traffic light|信号|121||0|0|0
2428|tragic|悲劇的な|16||0|0|0
2429|train|…を訓練する|179||0|0|0
2430|tranquil|静かな|107||0|0|0
2431|transaction|取引|293||0|0|0
2432|transfer|…を移転させる|263||0|0|0
2433|transformation|変化|321||0|0|0
2434|translate|…を翻訳する|361||0|0|0
2435|transmit|…を送信する|78||0|0|0
2436|transparent|見え透いた|291||0|0|0
2437|transport|…を輸送する|54||0|0|0
2438|trap|…を身動きできないようにする|146||0|0|0
2439|trash|ごみ|304||0|0|0
2440|trash can|ゴミ箱|69||0|0|0
2441|treasure|宝物|145||0|0|0
2442|treat|…を扱う，…を治療する|133|180|0|0|0
2443|treatment|治療|323||0|0|0
2444|treaty|条約|412||0|0|0
2445|tremble|震える|410||0|0|0
2446|trial|裁判|378||0|0|0
2447|tribe|部族|284||0|0|0
2448|trifle|些細な事|90||0|0|0
2449|trillion|兆|386||0|0|0
2450|triumph|際だった成功|213||0|0|0
2451|trivial|ささいな|97||0|0|0
2452|troop|軍隊|414||0|0|0
2453|trot|早足で歩く|105||0|0|0
2454|trouble|困った点|194|248|0|0|0
2455|troubleshooter|紛争の解決者|50||0|0|0
2456|trousers|ズボン|25||0|0|0
2457|trust|…を信用する|310||0|0|0
2458|truth|本当のこと|119||0|0|0
2459|tumor|腫瘍|302||0|0|0
2460|tune|曲|163||0|0|0
2461|turn （動詞）|…になる|249|350|0|0|0
2462|turn （名詞）|順番|14|134|0|0|0
2463|twin|双子（の片方）|405||0|0|0
2464|twist|（意外な）展開|309||0|0|0
2465|typical|典型的な|290||0|0|0
2466|ugly|醜い|146||0|0|0
2467|ultimate|最終的な|95||0|0|0
2468|umpire|審判|388||0|0|0
2469|UN （the ～）|国連|101||0|0|0
2470|unanimous|全員一致の|172||0|0|0
2471|uncertain|確信がない|199||0|0|0
2472|undergo|…を経験する|321||0|0|0
2473|underground|地下|155||0|0|0
2474|underwear|下着|163||0|0|0
2475|unemployed|失業した|2||0|0|0
2476|unexpected|予期せぬ|379||0|0|0
2477|unfamiliar|馴染みがない|38||0|0|0
2478|unfortunately|残念なことに|2||0|0|0
2479|unidentified|正体不明の|234||0|0|0
2480|union|組合|251||0|0|0
2481|unique|独特な|342||0|0|0
2482|universe （the ～）|宇宙|215||0|0|0
2483|university|大学|256||0|0|0
2484|unless|…でない限り|265||0|0|0
2485|until|…までずっと|259||0|0|0
2486|unusual|めずらしい|303||0|0|0
2487|unwilling|気が進まない|276||0|0|0
2488|(up)on|…と同時に|15||0|0|0
2489|upset|心が動揺して|111||0|0|0
2490|urban|都市の|187||0|0|0
2491|urbanite|都市居住者|396||0|0|0
2492|urge|…に強く勧める|380||0|0|0
2493|urgent|至急の|103||0|0|0
2494|useful|役に立つ|374||0|0|0
2495|useless|役に立たない|260||0|0|0
2496|usual|いつもの|328||0|0|0
2497|usually|いつも|55||0|0|0
2498|utilize|…を利用する|280||0|0|0
2499|utmost|この上ない|125||0|0|0
2500|utter|（ことばを）発する|89||0|0|0
2501|utterly|完全に|278||0|0|0
2502|vacant|空いている|59||0|0|0
2503|vacation|休暇|90||0|0|0
2504|vague|曖昧な|282||0|0|0
2505|valuable (形容詞)|貴重な|112||0|0|0
2506|valuable (名詞)|貴重品|86||0|0|0
2507|van|運搬用の車|33||0|0|0
2508|vandalism|（公共物の）破壊|87||0|0|0
2509|vanish|消える|107||0|0|0
2510|vapor|蒸気|85||0|0|0
2511|variety|多様，多種|397||0|0|0
2512|various|さまざまな|155||0|0|0
2513|vary|異なる|253||0|0|0
2514|vehicle|乗り物|234||0|0|0
2515|velocity|速度|393||0|0|0
2516|vending machine|自動販売機|301||0|0|0
2517|verdict|判決|172||0|0|0
2518|vertical|垂直な|67||0|0|0
2519|vessel|大型の船|54||0|0|0
2520|via|…経由で|1||0|0|0
2521|vice|副…|317||0|0|0
2522|victim|犠牲者|43||0|0|0
2523|view|見解|150||0|0|0
2524|viewer|見物人|168||0|0|0
2525|vigorous|活発な|210||0|0|0
2526|vinegar|食用酢|261||0|0|0
2527|vinyl|ビニール|387||0|0|0
2528|violate|（約束を）破る|127||0|0|0
2529|violence|暴力|347||0|0|0
2530|violent|乱暴な|236||0|0|0
2531|virtually|ほとんど|276||0|0|0
2532|virus|ウィルス|217||0|0|0
2533|visibility|視界|121||0|0|0
2534|visitor|訪問客|20||0|0|0
2535|vital|極めて重要な|311||0|0|0
2536|vivid|鮮やかな|239||0|0|0
2537|voice|声|398||0|0|0
2538|volcano|火山|85||0|0|0
2539|volume|量|85||0|0|0
2540|voluntary|ボランティアの，任意の|77|273|0|0|0
2541|vote|投票を行う|193||0|0|0
2542|vow|誓い|127||0|0|0
2543|vulgar|下品な|132||0|0|0
2544|wage|賃金|385||0|0|0
2545|wail|嘆き悲しむ|339||0|0|0
2546|waist|腰|163||0|0|0
2547|wallet|財布|79||0|0|0
2548|wander|ぶらつく|72||0|0|0
2549|wanted|指名手配中の|32||0|0|0
2550|war|戦争|332||0|0|0
2551|warfare|戦争|101||0|0|0
2552|warm （動詞）|暖まる|31||0|0|0
2553|warn|…だと警告する|323||0|0|0
2554|warrior|戦士|377||0|0|0
2555|waste|廃棄物|104|154|0|0|0
2556|wasteful|無駄な|320||0|0|0
2557|wave|手を振る|309||0|0|0
2558|way|方法，道|274||0|0|0
2559|weakness|弱点|101||0|0|0
2560|wealth|富|348||0|0|0
2561|wealthy|裕福な|178||0|0|0
2562|weapon|兵器|220||0|0|0
2563|weary|うんざりした|116||0|0|0
2564|weather|天候|24|246|0|0|0
2565|weekday|平日|1||0|0|0
2566|weekend|週末|24||0|0|0
2567|weep|しくしく泣く|172||0|0|0
2568|weight|体重|128||0|0|0
2569|welcome|…を歓迎する|210||0|0|0
2570|welfare|福祉|227||0|0|0
2571|well (間投詞)|えーっと|2||0|0|0
2572|well-being|幸福感|76||0|0|0
2573|wharf|波止場|309||0|0|0
2574|whatever|何であれ全て，どんな…も全て|209|266|0|0|0
2575|wheat|小麦|169||0|0|0
2576|whenever|…する時はいつでも|174||0|0|0
2577|where (接続詞)|…する場所に|274||0|0|0
2578|whereabouts|居場所|32||0|0|0
2579|whereas|…である一方で|273||0|0|0
2580|while (名詞)|時間|107||0|0|0
2581|while (接続詞)|…している間に，…である一方で|134|272|0|0|0
2582|whisper|ささやく|23||0|0|0
2583|whistle|口笛を吹く|163||0|0|0
2584|whoever|…は誰でも|210||0|0|0
2585|whole|…全体|35||0|0|0
2586|widely|広く|350||0|0|0
2587|widespread|広範囲に渡る|231||0|0|0
2588|widow|未亡人|398||0|0|0
2589|will (名詞)|遺言，意志|15|274|0|0|0
2590|win|（戦いに）勝つ|96||0|0|0
2591|wipe|…をぬぐう|102||0|0|0
2592|wisdom|知恵|345||0|0|0
2593|wish|…に…がもたらされることを願う|41||0|0|0
2594|withdraw|…を引き出す|178||0|0|0
2595|withhold|…を与えずにおく|154||0|0|0
2596|within|…以内に|12||0|0|0
2597|without|…なしに|214||0|0|0
2598|withstand|…に耐える|155||0|0|0
2599|witness|証人|383||0|0|0
2600|wonder (動詞)|…かなと思う|237||0|0|0
2601|wonder (名詞)|驚き|343||0|0|0
2602|wonderful|素晴らしい|207||0|0|0
2603|workaholic|仕事中毒の人|80||0|0|0
2604|workforce|労働者全体|416||0|0|0
2605|worm|（足のない）虫|410||0|0|0
2606|worn-out|疲れ切っている|250||0|0|0
2607|worried|心配した|166|380|0|0|0
2608|worry（動詞）|心配する|140||0|0|0
2609|worry（名詞）|心配|182||0|0|0
2610|worse|より悪い|297||0|0|0
2611|worship|崇拝|235||0|0|0
2612|worth|…の価値がある|360||0|0|0
2613|worthwhile|時間をかける価値がある|340||0|0|0
2614|worthy|価値がある|360||0|0|0
2615|would|（よく）…したものだ，…であろうに|244|310|0|0|0
2616|would-be|…志望の|325||0|0|0
2617|wound|…を負傷させる|180||0|0|0
2618|wrap|…を巻く|163||0|0|0
2619|wrath|怒り|40||0|0|0
2620|wrist|手首|258||0|0|0
2621|wrong (形容詞)|間違った|200||0|0|0
2622|wrong (名詞)|悪いこと|335||0|0|0
2623|yeah|ええ，うん（＝ yes）|299||0|0|0
2624|-year-old|…歳の|161||0|0|0
2625|yell|叫ぶ|33||0|0|0
2626|yet|しかし|111|243|0|0|0
2627|yield|屈する|98||0|0|0
2628|you|人|19||0|0|0
2629|youngster|若者|89||0|0|0
2630|youth|若者|278||0|0|0
